HYBAS_ID,area,DIST_MAIN
1050000010,45567.0,0.0
1050001370,11678.4,0.0
1050001380,5524.6,0.0
1050001510,42400.5,0.0
1050001520,16198.5,0.0
1050002290,4584.0,0.0
1050002300,11221.8,0.0
1050002760,63986.6,0.0
1050002770,35181.7,0.0
1050003990,62992.8,0.0
1050005720,5339.9,0.0
1050005730,3028.6,0.0
1050005860,4797.4,0.0
1050005870,477.4,0.0
1050005880,4169.8,0.0
1050005890,14366.9,0.0
1050006520,4781.1,0.0
1050006530,11102.3,0.0
1050006850,28620.5,0.0
1050006860,7037.8,0.0
1050007000,26077.6,0.0
1050007010,708.7,0.0
1050007060,6517.1,0.0
1050007070,7799.8,0.0
1050007260,64696.3,0.0
1050007270,30966.0,0.0
1050008100,1426.2,0.0
1051144990,619.5,29.6
1051145090,14434.3,29.6
1051139500,23961.1,74.1
1051139430,49429.4,74.1
1051131830,123925.3,150.4
1051131990,2146.6,150.6
1051132520,3836.5,278.1
1051132340,8577.0,278.1
1051115400,31003.9,301.1
1051115240,52926.1,301.3
1051137860,12864.4,399.6
1051137960,5838.4,399.6
1051118600,22823.2,558.5
1051118440,36190.4,558.5
1051046600,10533.6,771.2
1051046480,15098.2,771.4
1051038680,402.4,863.3
1051038740,60316.5,863.3
1051035420,23063.3,882.1
1051035300,24860.0,882.1
1051014470,45571.4,974.0
1051014460,21023.9,974.1
1050992050,19188.5,1162.0
1050991900,15084.5,1162.2
1050982500,33817.9,1227.4
1050982060,11241.5,1227.4
1050929730,7529.7,1522.2
1050929860,15232.8,1522.2
1050918220,3260.9,1573.5
1050918230,14846.2,1573.5
1050901700,27291.6,1681.7
1050901710,10541.8,1681.7
1050008110,49488.3,0.0
1050008470,95248.8,0.0
1050008480,1482.6,0.0
1050008570,46797.7,0.0
1050008580,32106.1,0.0
1050009010,51382.7,0.0
1050009020,7777.6,0.0
1050009130,43302.3,0.0
1050009140,244.5,0.0
1050009170,17616.1,0.0
1050009180,7782.7,0.0
1050009450,5663.0,0.0
1051299640,5305.9,127.8
1051299770,8226.7,127.8
1051299560,72274.0,251.4
1051299550,20159.4,251.6
1051285320,27779.8,570.3
1051285400,3108.3,570.5
1051289610,29211.2,628.1
1051289620,5406.7,628.1
1050009460,56548.9,0.0
1050010030,17865.4,0.0
1051358080,60989.3,269.3
1051357890,6690.0,269.4
1051355140,22821.4,340.7
1051355040,10318.9,340.7
1051363390,13608.9,595.5
1051363500,9288.5,595.7
1051360960,7525.5,751.3
1051360840,6210.4,751.5
1050010040,56638.4,0.0
1050010590,61392.1,0.0
1050010600,37650.8,0.0
1050011120,10247.3,0.0
1050011130,3171.1,0.0
1050011180,14851.8,0.0
1050011190,28848.2,0.0
1050011420,23076.1,0.0
1050011430,3904.2,0.0
1050011500,19105.4,0.0
1050011510,409.9,0.0
1050011530,4421.4,0.0
1050011660,11174.1,0.0
1051472390,42825.7,195.3
1051472430,26166.0,195.5
1051447780,1176.5,465.1
1051447890,54757.3,465.1
1051443690,16384.8,496.4
1051443680,9389.5,496.6
1051430860,34314.1,604.0
1051430830,29230.5,604.2
1051398950,8467.9,752.5
1051398880,12745.3,752.7
1051431950,25126.2,878.7
1051431940,766.6,878.9
1051382440,11679.3,883.1
1051382340,3508.6,883.1
1051431680,19076.7,908.7
1051431480,7760.6,908.9
1051378410,21294.2,909.8
1051378400,8285.8,909.9
1051418940,23152.4,1008.4
1051418880,44507.5,1008.6
1051438780,63954.6,1100.0
1051438860,4447.7,1100.2
1051347100,39974.4,1120.4
1051347090,12277.9,1120.6
1051451560,51084.7,1188.4
1051451550,3885.9,1188.6
1051453310,4039.1,1224.3
1051453390,6857.4,1224.5
1051457490,19812.5,1281.3
1051457550,10225.4,1281.5
1051387160,10478.1,1354.9
1051387100,15786.3,1355.1
1051478700,21896.4,1462.2
1051478770,43487.7,1462.2
1051376970,6263.8,1464.3
1051376870,2724.8,1464.5
1051369690,4621.7,1533.8
1051369590,34243.3,1534.0
1051473950,13358.1,1699.7
1051473880,81873.6,1699.9
1051413460,10521.3,1758.3
1051413580,2093.3,1758.3
1051412570,4687.0,1807.5
1051412560,24667.5,1807.5
1051409070,13507.8,1908.5
1051409000,2770.1,1908.6
1051487890,12945.0,1954.5
1051487960,21239.5,1954.7
1051400740,9436.2,1986.2
1051400750,24928.6,1986.3
1051466490,38279.8,2132.9
1051466350,32013.2,2132.9
1051423960,42104.9,2250.5
1051423970,24981.8,2250.7
1051408100,255.9,2373.8
1051408090,47045.2,2374.0
1051405290,27931.5,2390.5
1051405300,72293.7,2390.7
1051428730,9752.3,2465.7
1051428790,7853.7,2465.7
1051419860,9731.0,2627.3
1051419980,10114.8,2627.3
1051377550,24077.8,2655.6
1051377560,41788.5,2655.6
1050011670,17621.7,0.0
1050011960,31021.8,0.0
1050011970,1002.6,0.0
1050012020,28572.9,0.0
1050012030,16795.7,0.0
1050012210,102590.0,0.0
1050012220,24517.8,0.0
1050012540,19903.9,0.0
1050012550,3159.8,0.0
1050012590,2666.7,0.0
1051584690,64544.4,97.0
1051584780,2422.9,97.2
1051576130,81485.4,258.7
1051576090,77221.4,258.9
1051548260,2565.2,788.8
1051548220,29066.7,789.0
1051548760,644.4,828.1
1051548750,19497.6,828.3
1051552540,39400.2,861.1
1051552590,16047.4,861.1
1051569210,4140.2,1163.4
1051569100,11643.8,1163.4
1051571680,929.1,1204.7
1051571670,17432.3,1204.8
1051577000,29547.8,1260.4
1051576990,13325.6,1260.6
1050012600,772.3,0.0
1050012680,46725.2,0.0
1050012690,10344.3,0.0
1050012810,30280.3,0.0
1050012820,29845.0,0.0
1050013070,29195.5,0.0
1050013080,65284.3,0.0
1050013950,20521.7,0.0
1050013960,7998.0,0.0
1050014220,30262.9,0.0
1050014230,5404.7,0.0
1050014370,21323.4,0.0
1050014380,2669.4,0.0
1050014490,34806.1,0.0
1050014500,7381.5,0.0
1050014920,45083.1,0.0
1050014930,15664.1,0.0
1050015030,12586.6,0.0
1050015390,7797.6,0.0
1050015400,5267.0,0.0
1050015560,46364.3,0.0
1050015570,2911.8,0.0
1050015630,4739.9,0.0
1050015640,5012.0,0.0
1050015720,10168.2,0.0
1050015730,5918.9,0.0
1050015850,5118.9,0.0
1051620260,68986.1,153.8
1051620200,86977.8,153.9
1051624310,20461.2,639.1
1051624330,2295.5,639.3
1051626200,85063.1,687.4
1051626210,71225.1,687.5
1051609270,40070.4,894.6
1051609210,33.3,894.8
1051608780,1287.3,899.8
1051608790,114574.0,900.0
1051604190,5432.5,959.5
1051604130,58855.5,959.7
1051601200,39903.3,1006.9
1051601190,54648.9,1007.1
1051629430,98763.6,1240.0
1051629370,2011.6,1240.2
1051628750,6292.3,1272.6
1051628760,35678.7,1272.8
1051623250,31051.2,1386.1
1051623270,14063.0,1386.3
1051616230,51157.0,1655.6
1051616280,18982.3,1655.8
1051608870,20299.2,2152.9
1051608860,17977.9,2152.9
1050015860,22659.2,0.0
1050016760,16814.8,0.0
1050016770,3965.9,0.0
1050016850,29452.0,0.0
1050016860,25185.5,0.0
1050017350,29440.6,0.0
1050017360,705.7,0.0
1050017390,16730.0,0.0
1050017400,56886.6,0.0
1050018110,6.0,0.0
1050018120,29863.7,0.0
1051455380,4235.5,474.3
1051455270,24373.5,474.3
1051440140,6958.4,584.2
1051440050,8196.2,584.2
1051417260,6992.3,765.1
1051417180,229.4,765.2
1051415100,5238.5,780.9
1051415020,22858.4,780.9
1050018130,6307.9,0.0
1050018310,19893.8,0.0
1050018320,2393.4,0.0
1050018410,10720.0,0.0
1050018420,27419.2,0.0
1050018860,15674.1,0.0
1050018870,5622.3,0.0
1050019010,16712.8,0.0
1050019020,18946.2,0.0
1050019180,22907.8,0.0
1050019190,1081.2,0.0
1050019270,22892.1,0.0
1050019280,3212.6,0.0
1050019420,6494.9,0.0
1051327980,31517.3,179.2
1051327880,22935.1,179.4
1051340390,27694.7,552.6
1051340470,1618.6,552.8
1051343940,23357.9,589.0
1051344010,13303.5,589.2
1051369030,14146.0,906.7
1051369020,9016.8,906.9
1050019430,76150.4,0.0
1050020040,11060.5,0.0
1051262460,8557.2,138.8
1051262550,6932.8,138.8
1051251800,11330.0,285.1
1051251910,7013.0,285.1
1051244040,22446.6,430.3
1051244140,14334.4,430.3
1051228520,8884.1,610.1
1051228680,11748.6,610.1
1051213630,67657.6,712.4
1051213640,4979.4,712.6
1051210800,4930.7,812.8
1051210720,136173.6,813.0
1051214380,81650.2,872.4
1051214450,270904.4,872.6
1051174950,94.9,954.3
1051174960,14082.8,954.5
1051173010,71885.0,966.1
1051173020,858.7,966.3
1051163830,23172.5,1030.6
1051163840,29980.6,1030.8
1051156960,1678.3,1100.9
1051156950,89105.2,1100.9
1051142510,1180.4,1196.4
1051142520,189724.2,1196.6
1051129350,151486.1,1268.6
1051129360,82953.6,1268.7
1051235290,149479.8,1293.6
1051235380,10179.5,1293.8
1051248590,165579.6,1434.1
1051248600,70611.6,1434.3
1051103490,7654.8,1477.7
1051103500,84196.3,1477.7
1051094100,39859.7,1615.7
1051093980,27340.2,1615.9
1051052780,70862.7,1647.4
1051052770,31448.7,1647.6
1051015610,40460.3,1950.1
1051015760,23802.8,1950.3
1051115180,121167.9,1992.9
1051115330,6242.4,1993.1
1051125060,315178.7,2094.1
1051125130,104166.1,2094.1
1051037320,80941.8,2254.4
1051037650,2888.9,2254.6
1051040200,168609.6,2304.3
1051040300,140156.2,2304.4
1051259940,10843.4,3071.9
1051259950,3891.9,3072.1
1051266120,9655.0,3142.8
1051266020,18016.3,3143.0
1051273600,2579.2,3169.0
1051273520,11311.3,3169.0
1051279010,165263.4,3208.2
1051279020,53014.7,3208.4
1051265610,5946.8,3440.1
1051265730,59910.7,3440.3
1051259210,13470.0,3490.1
1051259200,35581.5,3490.3
1051315930,101074.7,3647.4
1051315940,27097.4,3647.4
1051250790,66866.1,3688.8
1051250830,53172.5,3689.0
1051366570,18272.7,4333.9
1051366720,63620.8,4334.1
1050020050,20434.1,0.0
1050020240,59761.9,0.0
1050020250,53029.1,0.0
1050020570,10653.5,0.0
1051157490,12973.8,197.5
1051157500,32636.0,197.7
1051145820,17353.6,317.0
1051145730,11257.3,317.0
1051147340,67139.1,484.8
1051147350,38629.6,485.0
1051115250,10149.6,756.5
1051115150,14421.4,756.7
1050020580,19159.5,0.0
1050021110,7432.8,0.0
1050021120,1959.2,0.0
1050021220,13559.5,0.0
1050021230,2086.0,0.0
1050021340,30962.6,0.0
1050021350,9968.4,0.0
1050021440,27887.0,0.0
1050021450,342.9,0.0
1050021500,10758.4,0.0
1051032360,43208.0,258.6
1051032520,28778.0,258.8
1051004170,10235.4,618.8
1051004180,20268.3,618.8
1050967880,7986.2,791.0
1050967890,1972.1,791.1
1050955790,5823.7,880.7
1050955650,4595.9,880.7
1050021510,34694.8,0.0
1050021910,52698.8,0.0
1050021920,264.3,0.0
1050021940,26836.6,0.0
1050022420,29461.2,0.0
1050909890,2639.8,509.9
1050909900,38471.4,510.1
1050892990,20826.6,562.8
1050893000,15286.4,562.8
1050870170,25992.3,707.9
1050870030,65667.9,708.1
1050909040,23060.6,788.7
1050908780,24305.9,788.9
1050845560,2238.7,879.0
1050846020,10081.2,879.0
1050827040,33075.6,935.7
1050827030,11693.3,935.9
1050887720,6755.7,940.0
1050888070,19973.5,940.0
1050874630,38299.5,998.8
1050874640,22070.7,999.0
1050760290,13040.4,1173.3
1050760280,634.7,1173.4
1050755820,3493.8,1198.4
1050755960,4039.5,1198.4
1050747640,506.7,1252.7
1050747470,71458.3,1252.7
1050839560,113153.4,1264.8
1050839280,52868.3,1265.0
1050736270,14980.9,1269.3
1050736280,17403.9,1269.5
1050742280,13583.2,1284.3
1050742220,287.9,1284.5
1050741300,4442.5,1300.4
1050741380,13973.3,1300.4
1050722720,61138.4,1383.1
1050722570,15118.0,1383.1
1050694130,12363.6,1505.6
1050694020,6610.3,1505.8
1050669460,42280.6,1549.5
1050669470,168547.9,1549.7
1050680300,54.2,1586.6
1050680480,31108.5,1586.6
1050677950,48311.3,1595.7
1050677960,38932.0,1595.9
1050668450,31279.5,1656.2
1050668760,39260.7,1656.2
1050635020,23901.6,1806.1
1050635010,54138.3,1806.3
1050577750,95223.4,2071.5
1050577760,87306.6,2071.7
1050515770,31177.8,2224.1
1050515500,63509.3,2224.1
1050514030,43161.2,2296.7
1050513910,116.6,2296.9
1050513230,65443.2,2307.2
1050513090,113585.4,2307.4
1050603890,28366.8,2771.8
1050603880,32991.1,2772.0
1050641670,9551.9,2943.4
1050641660,520.0,2943.6
1050651900,11358.0,2996.1
1050652110,9718.1,2996.1
1050682900,2173.4,3135.4
1050683010,6954.7,3135.4
1050689850,6558.8,3226.7
1050690130,8385.0,3226.7
1050710240,463.9,3373.3
1050710380,19653.1,3373.3
1050696660,4953.5,3385.9
1050696830,9438.2,3386.1
1050715100,32653.4,3398.7
1050715340,43098.7,3398.7
1050737100,8346.5,3571.7
1050737110,33399.3,3571.8
1050761260,19350.5,3703.6
1050761270,48725.4,3703.8
1050022430,25595.8,0.0
1050022910,14099.9,0.0
1050022920,10951.9,0.0
1050023020,48394.1,0.0
1050023030,217.9,0.0
1050023050,59907.1,0.0
1050023060,3983.6,0.0
1050023130,24089.4,0.0
1050023140,9712.2,0.0
1050023300,35848.3,0.0
1050915980,35567.9,280.1
1050915990,75691.2,280.1
1050873650,4545.4,466.9
1050873640,52495.0,467.0
1050842700,5999.8,582.3
1050842500,8306.7,582.5
1050821060,5351.3,703.5
1050820780,1300.9,703.5
1050803510,23789.0,779.4
1050803360,5340.6,779.6
1050792830,11402.4,916.2
1050792840,45481.8,916.4
1050786860,15300.8,1091.6
1050786690,34510.8,1091.8
1050709030,31189.0,1480.0
1050709280,20527.2,1480.2
1050023310,74783.4,0.0
1050023890,83110.0,0.0
1050023900,11237.6,0.0
1050023950,99253.8,0.0
1050023960,12590.8,0.0
1050024070,75333.0,0.0
1050024080,8656.9,0.0
1050024310,29622.5,0.0
1050024320,58638.9,0.0
1050024870,20408.1,0.0
1050024880,21543.4,0.0
1050025000,19649.4,0.0
1050025010,126608.8,0.0
1050026210,24399.2,0.0
1050026220,48813.9,0.0
1050026800,72618.4,0.0
1050026820,41748.7,0.0
1050027410,5176.3,0.0
1050571730,7684.7,146.2
1050571900,45291.9,146.3
1050565160,12090.4,255.3
1050565270,6609.6,255.4
1050583270,4077.5,533.8
1050583100,21668.7,534.0
1050606570,6107.7,676.8
1050606740,7505.8,677.0
1050631860,687.7,832.3
1050632050,29992.7,832.3
1050633360,44344.0,855.2
1050633540,4109.5,855.4
1050644790,13289.0,941.7
1050644920,7112.2,941.9
1050667360,11538.7,1076.4
1050667560,38996.3,1076.6
1050619070,25001.1,1083.8
1050619390,9014.5,1083.8
1050677890,16795.4,1202.0
1050677900,1528.9,1202.2
1050671560,5478.6,1261.9
1050671150,10833.7,1262.1
1050576090,10068.5,1357.8
1050575970,5181.1,1357.9
1050562730,8832.7,1408.4
1050562490,10882.6,1408.4
1050646230,7465.5,1427.6
1050646360,17856.3,1427.8
1050560730,15729.6,1445.2
1050560870,10612.9,1445.3
1050634970,5158.3,1540.3
1050634800,25516.4,1540.3
1050027420,124.3,0.0
1050027430,9.8,0.0
1050027440,33884.3,0.0
1050027450,47679.3,0.0
1050027630,21551.7,0.0
1050027640,34394.4,0.0
1050027830,39705.0,0.0
1050027840,1753.6,0.0
1050027920,27695.5,0.0
1050027930,118035.8,0.0
1050028700,1191.2,0.0
1050241300,36203.0,55.8
1050241480,283.6,55.8
1050246640,6311.1,82.1
1050246790,7182.7,82.3
1050289910,6448.2,274.5
1050289920,5550.7,274.7
1050274610,4613.9,413.6
1050274490,1947.5,413.7
1050028710,26682.9,0.0
1050028960,95886.5,0.0
1050028970,74061.5,0.0
1050029430,38046.5,0.0
1050029440,20099.4,0.0
1050029700,37812.3,0.0
1050029710,7415.2,0.0
1050029810,12941.5,0.0
1050030220,54237.1,0.0
1050030230,30252.5,0.0
1050030450,44493.0,0.0
1050030460,66780.9,0.0
1050031290,23171.1,0.0
1050031300,7103.4,0.0
1050031570,15261.5,0.0
1050031580,21684.8,0.0
1050031860,7404.8,0.0
1050032150,9281.1,0.0
1050032160,190.0,0.0
1050032170,16913.2,0.0
1050032180,17628.3,0.0
1050032600,7074.5,0.0
1050032610,3178.3,0.0
1050032670,5365.9,0.0
1050032680,85852.4,0.0
1050034170,16374.7,0.0
1050034260,178332.1,0.0
1050349490,186780.7,1333.8
1050349680,76027.3,1333.8
1050506690,60939.1,2154.5
1050506700,2489.3,2154.7
1050514520,125491.4,2199.8
1050514530,4671.7,2200.0
1050513570,36180.5,2269.0
1050513450,126176.7,2269.2
1050526810,1986.1,2846.3
1050526970,66467.7,2846.3
1050531400,7229.2,2880.0
1050531620,4787.8,2880.1
1050538430,73361.2,2919.3
1050538700,20388.9,2919.4
1050601200,23094.8,3186.9
1050601190,17753.2,3187.1
1050645140,36071.5,3346.6
1050645320,13957.8,3346.6
1050648450,30208.6,3392.4
1050648030,38225.7,3392.6
1050643620,756.5,3397.4
1050643630,41683.0,3397.6
1050664470,87475.5,3413.6
1050664460,34203.7,3413.8
1050657020,36624.4,3464.0
1050657010,67122.4,3464.2
1050798250,416.7,3884.5
1050798240,14999.2,3884.5
1050800150,13960.3,3900.0
1050800160,42106.1,3900.2
1050692800,7592.7,3902.0
1050692900,21317.0,3902.2
1050843040,98.8,4061.2
1050843030,36656.8,4061.4
1050845900,19312.6,4072.4
1050846100,19603.1,4072.6
1050819640,28207.7,4189.4
1050819440,47585.0,4189.6
1050837630,25595.2,4191.0
1050837890,90387.3,4191.2
1050848400,7817.3,4283.1
1050848180,43523.2,4283.1
1050856340,153964.0,4339.1
1050856140,419.9,4339.3
1050851850,7361.5,4373.5
1050852010,75140.7,4373.7
1050883500,20090.9,4395.7
1050883510,38731.5,4395.9
1050837870,148942.6,4479.6
1050837610,153055.7,4479.8
1050909250,17854.4,4491.7
1050909260,22806.4,4491.7
1050810820,15352.4,4643.9
1050810660,47770.5,4644.1
1050949070,39093.2,4651.1
1050949080,37285.5,4651.3
1051051360,22029.5,5065.8
1051051160,31604.9,5066.0
1051089880,39280.8,5329.2
1051089870,57037.1,5329.2
1051108020,43183.1,5644.9
1051108160,119412.9,5645.1
1051159450,63965.0,5945.4
1051159540,85724.3,5945.4
1050034270,20936.3,0.0
1050034490,3132.1,0.0
1050034610,8752.8,0.0
1050034900,3938.8,0.0
1050035090,2943.8,0.0
1050035180,26209.6,0.0
1050035400,32381.6,0.0
1050035410,18124.7,0.0
1050035590,54938.2,0.0
1050035600,21658.1,0.0
1050036020,48011.9,0.0
1050036030,79095.8,0.0
1050036860,56180.1,0.0
1050036870,10827.7,0.0
1050037100,28533.6,0.0
1050037110,86923.3,0.0
1050038850,12771.2,0.0
1050038860,21979.2,0.0
1050039250,17765.3,0.0
1050039260,32440.9,0.0
1050039740,16946.9,0.0
1050039750,30527.9,0.0
1050040030,41.7,0.0
1050040040,8.5,0.0
1050040050,2263.0,0.0
1050040110,279.5,0.0
1050040140,31.3,0.0
1050040160,40.4,0.0
1050040180,2.2,0.0
1050040190,31528.1,0.0
1050695540,89010.2,0.2
1050695700,5866.8,0.3
1050695300,17999.7,0.3
1051923540,182.2,160.6
1050672000,18273.7,164.8
1050671990,95.5,165.0
1050670570,29768.6,173.1
1050670330,58723.2,173.1
1050734180,88319.9,182.6
1050734190,48271.2,182.8
1050700730,67530.7,414.9
1050700890,9359.7,415.1
1050708880,24069.7,578.9
1050709340,23988.2,578.9
1050840230,13154.7,754.5
1050840410,2452.4,754.7
1050845830,83237.0,778.9
1050845840,292.5,779.0
1050852600,24253.7,806.1
1050852870,10904.9,806.1
1050865860,64647.3,882.1
1050865850,25320.3,882.3
1050786750,36377.8,1078.4
1050786760,4107.9,1078.6
1050847310,35402.5,1108.8
1050847160,75846.0,1109.0
1050749160,4602.6,1297.9
1050748790,8361.5,1297.9
1050736640,20760.4,1527.1
1050736730,35399.4,1527.2
1050652970,6057.6,1950.2
1050652800,16036.6,1950.4
1050040200,85787.3,0.0
1051533130,58303.2,161.7
1051533240,14469.2,161.8
1051548450,890.3,384.2
1051548460,60979.3,384.2
1051550490,1138.5,452.0
1051550590,9449.8,452.0
1051515680,53195.9,497.1
1051515780,14983.4,497.3
1051549840,7736.9,499.8
1051550000,3387.4,500.0
1051551920,25432.8,615.0
1051551850,13035.3,615.1
1051522340,12758.8,618.5
1051522260,9275.9,618.5
1051518250,26753.2,670.1
1051518160,841.7,670.3
1051513460,23294.0,711.7
1051513450,10658.6,711.8
1051520550,19428.4,806.7
1051520660,11712.1,806.9
1051479650,1273.7,1008.4
1051479540,58303.5,1008.5
1051478080,60249.3,1044.9
1051477980,17967.0,1045.1
1051474490,8512.8,1240.0
1051474590,11895.5,1240.0
1051460440,12178.2,1372.0
1051460430,7361.1,1372.2
1051435100,658.7,1550.6
1051435110,10896.7,1550.6
1051429650,16915.2,1593.8
1051429580,21259.1,1594.0
1050040210,8316.1,0.0
1050552200,186753.9,0.2
1050552040,2866.7,0.3
1050555410,38610.6,26.0
1050555020,88794.3,26.2
1050607030,47001.1,232.5
1050607020,11647.9,232.7
1050637070,30707.7,397.7
1050637060,38683.1,397.7
1050040220,16154.1,0.0
1050192080,199579.5,229.8
1050192070,22341.1,230.0
1050274920,542.9,756.6
1050275130,27196.4,756.7
1050276860,17918.5,797.2
1050276700,10134.3,797.4
1050335500,22767.4,1195.5
1050335490,13546.3,1195.5
1050040230,18250.7,0.0
1050463930,1281.9,123.8
1050463920,75802.4,123.9
1050454120,1116.7,185.8
1050453980,9602.1,186.0
1050440690,18504.6,248.3
1050440700,15327.5,248.4
1050407790,49499.7,417.4
1050407800,28360.4,417.4
1050040240,3834.9,0.0
1051494900,46346.6,0.2
1051494810,0.6,0.3
1051494710,616.9,0.9
1051494890,11615.3,0.9
1051491160,826.6,30.1
1051491120,74941.0,30.3
1051486420,15987.8,70.6
1051486320,20069.3,70.6
1050040250,170153.4,0.0
1050040260,52.4,0.0
1051060130,48215.9,0.2
1051059910,15673.2,0.3
1051033970,42572.1,111.3
1051033960,12183.7,111.5
1050927250,7884.9,874.5
1050927240,7047.7,874.7
1050890730,5171.9,1010.2
1050890470,10527.2,1010.2
1050040270,140783.7,0.0
1050040280,131166.8,0.0
1050040290,104484.9,0.0
1050040300,108825.6,0.0
1050040310,95083.7,0.0
1050040320,99445.3,0.0
1050040330,90160.3,0.0
1050040340,89137.9,0.0
1050040350,90003.1,0.0
1050040360,84583.1,0.0
1050040370,79610.5,0.0
1050040380,78588.5,0.0
1050040390,74557.8,0.0
1050040400,70156.8,0.0
1050040410,64663.9,0.0
1050040420,63821.2,0.0
1050040430,61610.8,0.0
1050040440,64129.7,0.0
1050040450,91741.5,0.0
1050040460,58964.8,0.0
1050040470,53358.0,0.0
1050040480,133724.5,0.0
1050040490,53601.7,0.0
1050040500,51946.6,0.0
1050040510,50197.1,0.0
1050040520,52431.0,0.0
1050040530,47584.0,0.0
1050040540,47306.6,0.0
1050040550,48974.3,1.0
1050040560,45607.6,0.0
1050040570,45570.3,0.0
1050040580,48625.8,0.0
1050040590,97314.8,0.0
1050040600,40502.8,0.0
1050040610,39028.9,0.0
1050040620,37739.1,0.0
1050040630,35150.2,0.0
1050040640,46267.9,0.0
1050040650,68959.3,0.0
1050040660,31900.0,0.0
1050040670,62699.9,0.0
1050040690,29700.2,0.0
1050040720,28057.9,0.0
1050040730,26958.8,0.0
1050040740,48908.3,0.0
1050040750,34051.0,0.0
1050040760,30377.5,0.0
1050040770,25136.2,0.0
1050040780,24791.5,0.0
1050040790,77669.7,0.0
1050040800,26940.8,1.0
1050040810,24276.4,0.0
1050040820,52298.8,0.0
1050040830,23263.0,0.0
1050040840,22211.4,0.0
1050040850,54256.8,0.0
1050040870,98432.9,0.0
1050040880,20638.9,0.0
1050040890,20633.4,0.0
1050040900,62220.1,0.0
1050040910,77392.9,0.0
1050040920,54894.2,0.0
1050040930,18576.6,0.0
1050040940,17999.8,0.0
1050040960,28467.8,0.0
1050040970,16948.8,0.0
1050040980,24616.4,0.0
1050040990,44501.8,0.0
1050041000,39228.9,0.0
1050041020,54919.2,0.0
1050041030,16308.2,0.0
1050041040,48737.5,0.0
1050041050,15514.9,0.0
1050041070,20232.3,0.0
1050041080,17431.8,0.0
1050041090,14815.6,0.0
1050041100,27641.2,0.0
1050041110,39688.1,0.0
1050041140,16883.3,0.0
1050041150,18290.3,0.0
1050041170,19878.4,0.0
1050041180,28590.3,0.0
1050041200,22189.1,0.0
1050041210,15288.8,0.0
1050041230,13569.3,0.0
1050041240,28658.6,0.0
1050041270,27095.2,0.0
1050041290,12871.7,0.0
1050041300,15210.4,0.0
1050041310,74525.3,0.0
1050041330,38674.2,0.0
1050041370,21551.8,0.0
1050041380,23808.5,0.0
1050041410,17680.0,0.0
1050041430,87466.4,0.0
1050041450,37649.4,0.0
1050041470,15322.5,0.0
1050041490,27839.0,0.0
1050041510,24966.0,0.0
1050041520,18282.4,0.0
1050041530,20312.1,0.0
1050041540,31120.6,0.0
1050041550,29844.2,0.0
1050041560,29634.8,0.0
1050041570,34454.7,0.0
1050041580,29281.2,0.0
1050041590,26114.3,640.1
1050041620,38498.9,1.0
1050041630,15269.8,0.0
1050041640,13156.5,0.0
1050041650,15701.5,0.0
1050041660,46544.7,0.0
1050041690,26695.6,0.0
1050041710,24007.1,0.0
1050041740,35347.5,0.0
1050041760,34136.8,0.0
1050041770,8783.3,0.0
1050041790,21767.0,0.0
1050041800,14934.4,0.0
1050041820,14275.0,0.0
1050041850,9554.2,0.0
1050041860,13550.2,0.0
1050041870,8433.9,0.0
1050041880,27007.0,0.0
1050041900,33947.0,0.0
1050041910,16608.1,0.0
1050041970,9550.4,0.0
1050041990,16446.0,0.0
1050042010,22964.2,0.0
1050042020,17959.7,0.0
1050042040,7730.4,0.0
1050042050,26117.6,0.0
1050042060,78489.2,0.0
1050042070,10439.7,0.0
1050042080,17134.9,0.0
1050042090,14125.9,0.0
1050042100,15641.6,0.0
1050042150,59273.0,0.0
1050042160,12088.6,0.0
1050042190,14686.6,0.0
1050042230,12959.3,0.0
1050042240,15879.3,0.0
1050042260,27642.8,0.0
1050042340,36156.7,0.0
1050042350,14937.2,0.0
1050042410,74862.8,0.0
1050042420,26602.6,0.0
1050042490,10168.5,0.0
1050042500,17606.4,0.0
1050042550,18846.4,0.0
1050042590,7625.5,0.0
1050042600,6188.7,0.0
1050042610,9247.7,0.0
1050042660,6115.4,0.0
1050042670,32863.1,0.0
1050042690,16842.1,0.0
1050042700,16346.5,0.0
1050042750,5788.5,147.2
1050042790,33838.9,0.0
1050042820,18185.3,0.0
1050042830,17769.3,0.0
1050042840,14632.8,0.0
1050042860,13103.3,0.0
1050042900,14387.4,0.0
1050042910,24241.9,0.0
1050042920,8757.6,0.0
1050042940,11918.3,0.0
1050042970,14758.0,0.0
1050042980,19003.8,0.0
1050043030,7759.2,0.0
1050043060,5313.0,0.0
1050043070,13726.3,0.0
1050043090,21934.0,0.0
1050043160,13750.0,0.0
1050043250,25196.4,0.0
1050043290,9243.4,0.0
1050043300,35379.5,0.0
1050043330,5433.7,0.0
1050043350,12611.0,0.0
1050043370,44212.8,0.0
1050043380,17359.9,0.0
1050043420,30150.6,0.0
1050043490,16839.5,0.0
1050043540,14324.8,0.0
1050043570,9937.6,0.0
1050043580,6474.8,0.0
1050043700,11714.3,0.0
1050043720,9810.2,0.0
1050043890,15091.6,0.0
1050044010,12751.8,0.0
1050044080,8202.8,0.0
1050044120,9196.7,0.0
1050044150,14426.6,0.0
1050044270,14332.4,0.0
1050044290,12248.4,0.0
1050044300,8196.4,0.0
1050044320,12291.8,0.0
1050044340,9969.1,0.0
1050044410,6889.3,0.0
1050044420,15724.7,0.0
1050044430,6921.2,0.0
1050044470,11355.3,0.0
1050044480,10996.0,0.0
1050044520,14294.5,0.0
1050044540,16877.3,0.0
1050044560,3766.7,0.0
1050044610,35112.2,0.0
1050044850,18746.0,0.0
1050044910,17292.1,0.0
1050044980,10959.3,0.0
1050045010,3722.0,0.0
1050045170,13548.5,0.0
1050045390,7070.9,0.0
1050045460,10561.7,0.0
1050046130,3734.3,0.0
1050046210,6243.9,0.0
1050046220,21530.2,0.0
1050046410,6781.0,0.0
1050046430,2041.3,0.0
1050046540,3816.8,0.0
1050046550,2131.8,0.0
1050046700,1951.1,0.0
1050046820,19312.6,0.0
1050046870,9185.7,0.0
1050047030,4372.1,0.0
1050047600,1667.2,0.0
1050047790,1614.3,0.0
1050047900,7932.9,0.0
1050048630,1408.1,0.0
1050048790,12684.8,0.0
1050049660,4303.8,0.0
1050049710,2394.1,0.0
1050049870,3303.8,0.0
1050049900,3012.3,0.0
1050052130,1239.8,498.3
1050053600,2482.6,0.0
1050053710,956.1,0.0
1050054170,663.2,0.0
1050054740,1305.4,0.0
1050054840,1992.2,0.0
1050057260,484.2,0.0
1050059920,979.5,0.0
1050065100,426.7,0.0
1050076070,151.9,0.0
2050000010,91133.5,0.0
2050001320,74073.4,0.0
2050002110,135473.7,0.0
2050003440,3161.1,0.0
2050003550,62833.9,0.0
2050003560,29837.1,0.0
2050004130,80780.0,0.0
2050004140,2945.6,0.0
2050004280,36321.9,0.0
2050004290,24038.1,0.0
2050005120,22011.6,0.0
2050005130,30076.7,0.0
2050005690,9747.6,0.0
2050006110,52440.8,0.0
2050006120,11633.1,0.0
2050006380,13493.9,0.0
2050006390,1706.5,0.0
2050006480,9190.6,0.0
2050006490,2333.9,0.0
2050006570,4993.8,0.0
2050006580,16.2,0.0
2050006590,7570.9,0.0
2050501940,50350.4,100.0
2050501810,21791.6,100.1
2050491980,55753.3,188.1
2050491970,98720.5,188.1
2050439800,34914.1,799.0
2050439790,375.6,799.1
2050439160,17028.0,829.9
2050439100,61053.3,830.1
2050427460,5706.7,1112.9
2050427390,3476.0,1113.0
2050414310,8817.9,1205.5
2050414300,12925.6,1205.6
2050390940,7756.9,1404.8
2050390950,21286.2,1405.0
2050359050,13011.9,1612.7
2050359040,17138.8,1612.8
2050006600,75451.4,0.0
2050007930,45502.6,0.0
2050469820,12970.0,409.6
2050469830,22733.9,409.7
2050459250,2431.1,516.4
2050459130,14511.5,516.5
2050454840,7146.4,561.6
2050454640,22782.0,561.6
2050448220,28399.9,625.3
2050448170,19218.2,625.5
2050416550,19909.1,899.8
2050416390,88491.4,899.9
2050400100,1216.1,975.0
2050400110,4223.5,975.1
2050397580,11444.1,1004.0
2050397700,8128.9,1004.1
2050379750,2643.5,1109.3
2050379760,42198.0,1109.4
2050374150,23120.4,1200.2
2050374040,9516.2,1200.4
2050363700,24894.6,1230.9
2050363710,31851.3,1231.1
2050374270,1397.8,1368.2
2050374260,39420.8,1368.3
2050388040,11992.1,1453.6
2050388050,13675.2,1453.8
2050007940,1092.9,0.0
2050008000,63568.5,0.0
2050008010,2856.5,0.0
2050008160,5381.0,0.0
2050008170,7214.1,0.0
2050008350,73158.7,0.0
2050008360,3048.3,0.0
2050008440,5387.6,0.0
2050008450,1240.3,0.0
2050008490,39668.3,0.0
2050543090,45856.7,203.4
2050543160,4735.6,203.5
2050557340,12622.2,290.8
2050557390,15300.1,290.9
2050569550,26714.5,487.2
2050569470,12651.3,487.4
2050575490,55895.4,668.0
2050575400,24130.3,668.2
2050557720,12324.0,1199.8
2050557800,37809.9,1200.0
2050555600,662.4,1268.5
2050555780,95460.8,1268.7
2050548700,5905.7,1314.5
2050548500,15445.8,1314.7
2050539930,40981.7,1491.2
2050540100,40250.1,1491.2
2050524800,5795.2,1494.4
2050525040,30190.9,1494.4
2050514740,27123.1,1560.9
2050514730,13046.8,1561.0
2050483250,479.6,1814.6
2050483240,12869.4,1814.6
2050478430,34809.7,1868.7
2050478420,14310.1,1868.7
2050488080,1428.5,1886.8
2050487990,19484.4,1887.0
2050488360,17740.0,1918.1
2050488190,716.1,1918.3
2050477000,28041.9,2008.8
2050476910,26558.8,2008.9
2050465720,25920.1,2372.3
2050465610,50388.9,2372.5
2050008500,28146.4,0.0
2050009230,6072.4,0.0
2050009480,52511.4,0.0
2050009490,12458.2,0.0
2050009730,16801.7,0.0
2050009740,7252.8,0.0
2050009900,24524.0,0.0
2050009910,109443.9,0.0
2050011990,17534.9,0.0
2050012000,47203.0,0.0
2050012730,13514.2,0.0
2050012960,4810.8,0.0
2050012970,45.6,0.0
2050012980,14459.7,0.0
2050012990,167.5,0.0
2050013010,73289.8,0.0
2050013020,1561.8,0.0
2050013100,5614.9,0.0
2050013110,53210.1,0.0
2050014550,86469.6,0.0
2050016230,12884.2,0.0
2050016510,96637.0,0.0
2050016520,35262.1,0.0
2050017150,85458.8,0.0
2050017160,15820.8,0.0
2050017480,21899.9,0.0
2050017490,3693.9,0.0
2050017690,17467.0,0.0
2050017700,21476.5,0.0
2050018240,5869.8,0.0
2050018360,57025.9,0.0
2050018370,5061.3,0.0
2050018460,66926.8,0.0
2050018470,22751.7,0.0
2050018840,71139.2,0.0
2050018850,14857.3,0.0
2050019150,97239.7,0.0
2050019160,60291.6,0.0
2050020320,13.6,0.0
2050020330,16838.8,0.0
2050020340,8097.4,0.0
2050020590,56056.4,0.0
2050020600,12.5,0.0
2050020620,23784.0,0.0
2050020630,2220.2,0.0
2050020730,9773.5,0.0
2050020740,9257.5,0.0
2050021030,8212.4,0.0
2050497450,5289.6,126.6
2050497340,22240.5,126.8
2050502710,3714.9,190.7
2050502920,21027.9,190.7
2050499090,13664.2,227.1
2050498990,10041.2,227.3
2050509090,18223.1,553.2
2050509200,14308.6,553.4
2050021040,48373.1,0.0
2050022150,73248.2,0.0
2050022160,76120.6,0.0
2050023010,25335.7,0.0
2050420240,28101.2,447.8
2050420340,11589.0,447.9
2050429670,27404.6,546.3
2050429770,2780.0,546.5
2050441280,20549.5,616.6
2050441290,13946.2,616.7
2050491750,17568.6,953.0
2050491760,15847.8,953.1
2050023020,90031.6,0.0
2050024170,17566.5,0.0
2050355620,22892.7,216.4
2050355700,4206.0,216.5
2050379560,28342.0,353.5
2050379690,23580.2,353.6
2050420770,13699.8,761.5
2050420830,1507.8,761.6
2050429790,8870.4,824.9
2050429890,17717.4,825.1
2050024180,917.5,0.0
2050024230,76316.8,0.0
2050026030,425.0,0.0
2050026060,10644.2,0.0
2050362370,2179.9,147.8
2050362600,52608.6,147.9
2050358250,17158.1,218.7
2050358340,138.7,218.8
2050362090,9287.6,237.9
2050362210,5666.4,238.0
2050374390,4837.0,487.9
2050374110,16269.1,488.0
2050026070,19259.2,0.0
2050026550,25646.0,0.0
2050368000,7147.4,362.9
2050367910,459.8,363.1
2050366520,84670.6,401.2
2050366370,101.7,401.4
2050366130,1373.9,407.0
2050366020,5918.5,407.2
2050364780,38675.7,439.3
2050364630,28644.8,439.4
2050026560,26005.9,0.0
2050026920,92522.8,0.0
2050026930,43642.5,0.0
2050027320,85615.0,0.0
2050027330,29.8,0.0
2050027350,9160.9,0.0
2050027360,5852.6,0.0
2050027530,6886.5,0.0
2050027540,15244.5,0.0
2050028110,56229.2,0.0
2050028120,193.5,0.0
2050028140,13363.6,0.0
2050028150,1645.8,0.0
2050028220,1661.3,0.0
2050028310,9272.3,0.0
2050229800,7782.3,122.3
2050229790,94629.6,122.3
2050223770,84913.0,191.9
2050223910,21577.0,192.1
2050257210,11910.1,488.7
2050257220,0.5,488.8
2050257310,32016.9,489.2
2050257320,23231.6,489.3
2050028320,9293.4,0.0
2050028660,26797.7,0.0
2050028670,28341.6,0.0
2050029320,24567.2,0.0
2050029330,8998.1,0.0
2050029510,4437.0,0.0
2050029520,864.9,0.0
2050029570,4987.3,0.0
2050029580,10738.4,0.0
2050029750,4641.3,0.0
2050029760,11497.5,0.0
2050029940,25804.0,0.0
2050029950,21435.1,0.0
2050030060,53537.6,0.0
2050030070,295.0,0.0
2050030090,141.5,0.0
2050030100,40545.4,0.0
2050030110,2092.7,0.0
2050030160,17094.7,0.0
2050030170,6621.3,0.0
2050030260,24955.2,0.0
2050030270,21160.1,0.0
2050030480,12531.2,0.0
2050030490,5356.1,0.0
2050030650,27547.0,0.0
2050030660,15556.3,0.0
2050031060,31436.0,0.0
2050031070,72159.3,0.0
2050031490,28435.4,0.0
2050031500,7384.6,0.0
2050031740,22699.8,0.0
2050031750,8852.7,0.0
2050031960,15124.1,0.0
2050031970,27169.3,0.0
2050032670,4578.6,0.0
2050032680,7910.2,0.0
2050033010,6274.9,0.0
2050033020,13812.3,0.0
2050033320,49858.8,0.0
2050033330,6208.2,0.0
2050033480,223.9,0.0
2050033490,41121.6,0.0
2050033500,3247.6,0.0
2050033670,17189.2,0.0
2050033680,7741.9,0.0
2050033770,11109.3,0.0
2050033780,108812.4,0.0
2050036710,6557.4,0.0
2050036720,45412.9,0.0
2050037990,74795.9,0.0
2050039390,17831.6,0.0
2050039400,9070.0,0.0
2050039590,26402.6,0.0
2050039600,34543.5,0.0
2050040130,14246.3,0.0
2050040140,12523.0,0.0
2050040470,10012.2,0.0
2050040480,11886.0,0.0
2050040730,12478.1,0.0
2050040740,1845.7,0.0
2050040810,10343.8,0.0
2050040820,13935.4,0.0
2050041120,41491.9,0.0
2050041130,1647.9,0.0
2050041180,31323.9,0.0
2050041190,10087.8,0.0
2050041390,1047.7,0.0
2050041420,63771.5,0.0
2050041430,12788.4,0.0
2050041840,4903.8,0.0
2050172450,41003.5,95.1
2050172440,27230.3,95.2
2050191090,24363.9,313.5
2050191190,43456.8,313.7
2050214900,23971.3,616.1
2050214970,85820.5,616.3
2050200360,27018.5,912.3
2050200420,68897.9,912.5
2050041850,34207.7,0.0
2050042370,76753.0,0.0
2050042380,60914.4,0.0
2050043720,12332.1,0.0
2050135680,12235.6,170.7
2050135690,20152.5,170.8
2050154540,4469.6,348.0
2050154530,25106.7,348.1
2050156810,24181.3,396.7
2050156850,29905.4,396.9
2050148850,91134.6,687.6
2050148900,93177.9,687.7
2050043730,75597.5,0.0
2050044800,9452.7,0.0
2050045150,21105.3,0.0
2050046500,26322.7,0.0
2050047500,33396.8,0.0
2050048590,5270.0,0.0
2050048790,72491.2,0.0
2050050790,76262.8,0.0
2050052960,78341.5,0.0
2050053980,610.2,0.0
2050054000,3614.1,0.0
2050054130,1.3,0.0
2050054140,1254.1,0.0
2050054200,85561.3,0.0
2050056060,0.3,0.0
2050056710,610.9,0.0
2050056770,3306.2,0.0
2050056940,1442.6,0.0
2050056990,4206.0,0.0
2050057170,2524.3,0.0
2050057300,3652.7,0.0
2050057310,39708.4,0.0
2050058320,7550.2,0.0
2050058330,32252.9,0.0
2050059250,8277.7,0.0
2050059260,1290.4,0.0
2050059310,5769.4,0.0
2050059320,828.5,0.0
2050059370,1668.3,0.0
2050059450,1717.9,0.0
2050059500,384.2,0.0
2050059510,61158.1,0.0
2050062160,16035.6,0.0
2050062920,79657.0,0.0
2050065840,3147.6,0.0
2050065960,11588.9,0.0
2050065970,1605.7,0.0
2050066030,36400.6,0.0
2050066040,21400.0,0.0
2050066340,51498.9,0.0
2050066350,4426.2,0.0
2050066490,58201.4,0.0
2050066500,38781.8,0.0
2050066850,14912.3,0.0
2050067280,23806.2,0.0
2050067290,19955.5,0.0
2050067570,73153.5,0.0
2050067580,937.3,0.0
2050067650,74239.9,0.0
2050067660,2009.2,0.0
2050067740,50078.2,0.0
2050391420,41875.4,1103.8
2050391230,5485.4,1104.0
2050384250,31038.7,1311.5
2050384360,18088.8,1311.6
2050399770,18532.5,1716.7
2050399640,225.3,1716.9
2050396780,8027.8,1741.1
2050396690,37656.0,1741.3
2050067750,3036.3,0.0
2050067910,8909.2,0.0
2050067920,8536.5,0.0
2050068170,5389.4,0.0
2050068180,886.7,0.0
2050068250,2562.0,0.0
2050068260,1308.2,0.0
2050068340,8293.6,0.0
2050068350,8134.9,0.0
2050068680,50752.0,0.0
2050421450,12125.0,829.0
2050421370,26304.2,829.2
2050378120,24010.3,1136.5
2050377980,25513.8,1136.6
2050347360,18239.7,1444.3
2050347650,46454.3,1444.3
2050332830,15320.1,1595.7
2050332820,8781.3,1595.9
2050309610,18744.3,1799.4
2050309560,92327.7,1799.5
2050302310,35725.4,1980.1
2050302300,128713.1,1980.1
2050292580,14233.8,2124.3
2050292690,67240.1,2124.5
2050296380,141605.6,2161.7
2050296300,31683.0,2161.8
2050288980,8631.1,2301.2
2050289120,63202.9,2301.3
2050272890,14411.7,2439.1
2050272900,29156.7,2439.1
2050265950,13316.8,2649.0
2050265840,19838.7,2649.0
2050315950,50378.0,2657.8
2050315940,7126.0,2657.9
2050260960,46811.6,2700.3
2050260900,38955.9,2700.4
2050316490,5158.3,2792.1
2050316600,7818.4,2792.2
2050260420,46087.6,2841.1
2050260320,84047.0,2841.3
2050322960,8823.0,2912.6
2050323030,10179.4,2912.8
2050235640,31285.3,2963.4
2050235630,49790.5,2963.6
2050310780,17618.1,3146.3
2050310820,19503.2,3146.5
2050291740,7023.3,3352.9
2050291620,12702.9,3353.1
2050320590,15699.1,3422.8
2050320680,38797.9,3422.9
2050068690,114.0,0.0
2050068710,51385.6,0.0
2050068720,63661.9,0.0
2050069150,42927.4,0.0
2050069160,48324.0,0.0
2050070050,2439.9,0.0
2050645210,6007.7,130.1
2050645200,433.0,130.2
2050643510,23742.7,197.5
2050643590,96131.5,197.7
2050624230,17660.3,492.2
2050624070,11836.1,492.2
2050616770,8317.1,664.0
2050616700,23250.8,664.0
2050070060,18917.6,0.0
2050070510,58651.8,0.0
2050070520,27965.1,0.0
2050071190,1638.5,0.0
2050071260,34558.4,0.0
2050071270,17779.7,0.0
2050071690,33814.3,0.0
2050071700,87522.4,0.0
2050072590,42102.6,0.0
2050072600,21327.6,0.0
2050072920,47607.5,0.0
2050072930,57162.1,0.0
2050073570,1164.7,0.0
2050828790,72431.9,70.0
2050828780,20562.2,70.2
2050816860,16.2,176.7
2050816870,50661.6,176.8
2050816390,8071.1,181.7
2050816320,26370.6,181.8
2050817830,50.1,309.2
2050817690,18020.2,309.2
2050816600,339.9,317.9
2050816590,13825.1,318.1
2050815450,13215.6,342.1
2050815340,4191.6,342.3
2050810010,20890.4,463.1
2050810230,19581.2,463.1
2050784800,4336.4,511.7
2050784690,22658.2,511.7
2050785900,3054.4,690.1
2050785890,69877.8,690.1
2050773460,27141.5,847.8
2050773470,32976.5,847.9
2050770120,12066.4,854.1
2050770040,32825.4,854.3
2050759640,76760.1,1048.0
2050759680,17601.0,1048.2
2050735780,20022.6,1222.6
2050735750,4663.7,1222.8
2050723850,56826.9,1339.8
2050723860,26328.3,1339.8
2050737850,82922.7,1458.7
2050737750,36299.5,1458.9
2050668200,40391.8,2385.0
2050668190,22703.9,2385.0
2050073580,99750.9,0.0
2050075160,17553.0,0.0
2050075170,98658.6,0.0
2050077470,23465.2,0.0
2050077480,3644.6,0.0
2050077570,17164.2,0.0
2050077580,42475.6,0.0
2050078500,17961.1,0.0
2050078510,9349.8,0.0
2050078740,44.1,0.0
2050078750,46349.0,0.0
2050078760,13231.6,0.0
2050079310,9219.5,0.0
2050079320,87052.6,0.0
2050081250,8758.4,0.0
2050081260,15052.4,0.0
2050081710,6259.0,0.0
2050081720,49629.2,0.0
2050083000,5239.5,0.0
2050083010,5057.0,0.0
2050083170,5219.9,0.0
2050083180,23482.7,0.0
2050083580,6454.4,0.0
2050083590,12154.0,0.0
2050084120,9397.6,0.0
2050902950,20801.5,202.5
2050903020,3261.7,202.7
2050904110,11479.1,231.2
2050903950,16612.5,231.2
2050912850,5131.0,424.7
2050912860,2950.6,424.9
2050914280,16136.4,493.6
2050914340,18769.1,493.8
2050084130,63996.6,0.0
2050085500,42969.1,0.0
2050671620,11410.6,339.8
2050671440,2627.8,340.0
2050669710,7260.9,384.3
2050669810,17015.6,384.5
2050672240,137842.6,484.7
2050672290,14346.4,484.9
2050724600,54576.2,880.3
2050724400,16840.9,880.3
2050085510,26473.6,0.0
2050939450,25816.3,174.4
2050939520,425.5,174.4
2050943360,29261.7,234.2
2050943400,21055.7,234.2
2050963820,30446.2,651.4
2050963890,23377.2,651.6
2050960220,26049.1,847.7
2050960130,57987.6,847.9
2050085520,905.0,0.0
2050949840,16556.6,0.2
2050949790,15392.5,0.2
2050961080,23271.2,176.6
2050961170,72205.8,176.6
2050976470,6240.1,542.1
2050976590,36181.1,542.3
2050976300,19846.6,614.5
2050976230,19503.4,614.5
2050085530,578.4,0.0
2050807200,782.7,0.3
2050807210,11970.2,0.3
2050816220,33232.5,63.4
2050816210,27070.6,63.5
2050807920,6005.9,529.5
2050807910,62032.5,529.7
2050807100,15197.2,634.7
2050807220,55414.8,634.9
2050085540,3057.7,0.0
2050931970,26028.4,5.4
2050932040,12789.0,5.5
2050952920,26589.8,265.9
2050952910,47014.5,265.9
2050984760,5537.8,928.8
2050984700,808.2,928.8
2050984320,7802.6,945.1
2050984280,6016.7,945.3
2050085550,3804.4,0.0
2050868160,0.2,0.3
2050868040,45761.2,0.3
2050868170,6144.2,0.7
2050868260,32576.9,0.9
2050883660,12659.6,228.4
2050883650,3699.5,228.6
2050884650,7646.2,334.2
2050884680,4392.3,334.4
2050085560,5878.3,0.0
2050951670,15167.6,0.8
2050951580,17401.3,0.9
2050959090,6421.2,112.8
2050959170,9268.4,113.0
2050968590,7371.6,285.8
2050968650,14959.7,286.0
2050971100,11813.0,393.1
2050971090,14904.6,393.3
2050085570,93372.4,0.0
2050085580,91073.8,0.0
2050085590,92395.2,0.0
2050085600,133282.4,0.0
2050085610,156251.0,0.0
2050085620,71698.3,0.0
2050085630,72749.5,0.0
2050085640,65621.1,0.0
2050085650,62643.7,0.0
2050085660,57540.0,0.0
2050085670,56306.2,0.0
2050085680,55304.8,0.0
2050085690,52199.4,0.0
2050085700,86961.5,0.0
2050085710,88615.1,0.0
2050085720,43272.9,0.0
2050085730,98654.5,0.0
2050085740,37529.6,0.0
2050085750,46140.6,0.0
2050085760,92262.9,0.0
2050085780,33599.2,0.0
2050085790,32964.4,0.0
2050085800,32771.2,0.0
2050085810,29801.4,0.0
2050085820,38614.5,0.0
2050085830,40198.9,0.0
2050085840,35383.0,0.0
2050085850,78300.3,0.0
2050085860,40041.4,0.0
2050085870,25914.2,0.0
2050085880,24305.9,0.0
2050085900,77287.8,0.0
2050085920,38351.4,0.0
2050085930,31554.1,0.0
2050085940,42691.4,0.0
2050085960,58373.7,0.0
2050085970,18061.1,0.0
2050085980,18006.6,0.0
2050085990,17316.3,1.0
2050086000,25406.5,0.0
2050086020,15264.8,0.0
2050086070,22187.4,691.1
2050086090,13649.2,0.0
2050086100,13310.7,0.0
2050086110,18559.6,0.0
2050086120,13686.3,0.0
2050086160,29838.6,0.0
2050086170,55971.1,0.0
2050086180,24933.9,0.0
2050086240,15719.7,0.0
2050086270,12608.1,0.0
2050086280,13302.8,0.0
2050086290,13522.8,0.0
2050086310,85379.9,0.0
2050086320,35419.1,0.0
2050086330,46020.1,0.0
2050086340,13264.4,0.0
2050086370,14316.1,0.0
2050086450,16805.8,0.0
2050086460,29154.6,0.0
2050086470,9077.6,0.0
2050086480,17426.7,0.0
2050086510,17746.7,0.0
2050086540,11553.3,0.0
2050086550,37216.9,182.7
2050086650,5435.1,0.0
2050086670,16680.2,0.0
2050086690,19645.8,0.0
2050086720,11842.4,0.0
2050086730,10408.7,0.0
2050086740,24013.3,0.0
2050086770,8082.8,0.0
2050086890,12912.2,0.0
2050086900,11858.3,0.0
2050086930,55514.1,0.0
2050087030,12698.3,0.0
2050087140,6926.1,0.0
2050087240,4375.5,0.0
2050087350,6124.7,0.0
2050087810,2264.9,0.0
2050087930,10221.8,0.0
2050088040,4415.6,0.0
2050088050,2209.4,0.0
2050088060,6596.8,0.0
2050088390,1591.0,0.0
2050089360,2555.0,0.0
2050090050,4386.6,0.0
2050090240,1668.7,0.0
2050091640,1232.6,0.0
2050093260,752.5,0.0
3050000010,7144.1,0.0
3050000150,5062.5,0.0
3050000160,2164.9,0.0
3050000230,9951.2,0.0
3050000240,11581.4,0.0
3050000520,7997.8,0.0
3050000530,50906.5,0.0
3050001400,5039.6,0.0
3050001410,17407.4,0.0
3050001840,58705.0,0.0
3050203170,14857.8,275.7
3050203310,7046.5,275.8
3050239120,13244.1,434.2
3050239130,14757.1,434.3
3050243280,12816.7,439.6
3050243450,7106.7,439.8
3050284900,8799.7,610.7
3050285060,34367.9,611.0
3050309520,10897.7,733.0
3050309510,12111.3,733.1
3050331330,5509.5,842.6
3050331440,4653.5,842.8
3050293670,17648.7,915.0
3050293540,27125.9,915.2
3050345400,6683.3,936.1
3050345570,14364.6,936.3
3050342050,9830.9,1109.9
3050342160,9936.5,1110.2
3050387130,5895.8,1187.0
3050386960,185199.3,1187.2
3050399940,5257.5,1282.8
3050399930,73286.5,1282.9
3050439400,3711.4,1530.6
3050439410,34893.6,1530.6
3050452730,5926.2,1638.1
3050452740,12660.1,1638.1
3050460630,8260.3,1693.9
3050460810,3414.1,1694.1
3050397510,69392.5,1821.4
3050397200,82130.3,1821.5
3050481930,3730.6,1847.1
3050481940,86285.5,1847.3
3050493080,5464.7,1967.3
3050492920,87133.9,1967.4
3050511880,79133.9,2100.5
3050511890,8131.8,2100.6
3050496590,44601.8,2228.1
3050496490,19821.1,2228.3
3050530830,58259.6,2244.3
3050530840,33158.4,2244.4
3050452330,29750.4,2254.9
3050452480,62119.7,2255.1
3050458330,95020.0,2322.1
3050458510,39353.8,2322.4
3050511770,61477.9,2530.1
3050511910,33398.6,2530.3
3050591340,30549.4,2599.8
3050591290,80596.5,2600.0
3050495750,342096.3,2623.4
3050495710,133651.7,2623.6
3050577100,63357.7,3070.2
3050577190,28832.1,3070.3
3050628660,6605.3,3193.0
3050628740,18112.4,3193.1
3050660640,6427.5,3566.8
3050660730,19388.0,3567.0
3050651650,1996.6,3707.0
3050651560,8750.9,3707.2
3050650360,17137.3,3757.9
3050650460,19072.7,3758.1
3050671720,93374.5,3989.8
3050671820,35287.5,3990.0
3050713960,130903.2,4672.6
3050713950,24240.7,4672.8
3050001850,15307.8,0.0
3050002000,54542.3,0.0
3050002010,27785.2,0.0
3050002560,303.4,0.0
3050173840,27312.5,39.2
3050173830,15956.0,39.3
3050228750,6130.9,267.1
3050228760,1704.5,267.3
3050246580,28793.9,336.4
3050246570,8999.0,336.5
3050263630,14787.1,413.8
3050263750,7265.5,413.9
3050002570,3761.6,0.0
3050002680,34339.8,0.0
3050213560,1159.6,258.8
3050213570,19056.7,258.9
3050221280,12288.9,285.3
3050221270,25386.1,285.4
3050276280,14499.2,526.4
3050276270,14520.4,526.5
3050283470,10353.7,641.8
3050283640,18686.4,642.0
3050002690,3383.9,0.0
3050002870,24517.7,0.0
3050002880,46488.9,0.0
3050003790,94410.0,0.0
3050004740,658.9,0.0
3050102000,14996.6,37.2
3050101920,15514.3,37.4
3050143020,29374.3,268.6
3050143180,16112.7,268.8
3050193350,63504.6,536.5
3050193540,993.4,536.7
3050202590,13447.3,584.2
3050202600,3424.2,584.3
3050216320,2183.6,662.4
3050215990,76779.9,662.4
3050235540,7428.3,729.8
3050235530,15968.9,730.0
3050273600,5595.4,855.2
3050273590,11450.8,855.3
3050309060,7117.8,985.0
3050309230,23458.9,985.2
3050337170,36763.7,1106.1
3050337380,8012.9,1106.2
3050369320,20996.0,1252.7
3050369500,3817.9,1252.9
3050288120,5548.2,1298.1
3050288370,21343.7,1298.2
3050391360,15270.6,1347.8
3050391370,8466.3,1347.9
3050288380,33267.6,1385.7
3050288130,186.4,1385.8
3050284260,27985.5,1403.9
3050284270,25602.6,1404.0
3050414790,3488.1,1446.6
3050415020,32674.0,1446.7
3050424160,10480.1,1492.5
3050423840,13361.6,1492.6
3050359650,20390.2,1533.0
3050359860,34079.4,1533.2
3050268850,171775.2,1587.3
3050268680,93970.6,1587.4
3050455480,21566.6,1637.3
3050455600,16663.8,1637.5
3050483880,4076.6,1817.4
3050483980,15019.5,1817.6
3050368720,62474.7,1833.2
3050368830,8340.4,1833.5
3050483500,170472.9,1891.2
3050483590,126370.7,1891.4
3050399310,14584.8,2001.3
3050399320,38795.9,2001.5
3050532890,45576.6,2039.6
3050532900,36799.9,2039.6
3050419770,23982.6,2459.9
3050419930,14036.1,2460.1
3050601680,1641.2,2513.9
3050601790,37222.5,2513.9
3050607050,32873.3,2548.4
3050607060,78791.8,2548.5
3050545280,71932.9,2998.8
3050545290,116046.2,2998.9
3050651040,59598.7,3151.9
3050650920,56913.5,3152.1
3050639250,85656.1,3801.2
3050639170,101798.0,3801.4
3050664370,33365.0,4099.4
3050664490,44854.3,4099.5
3050679750,10627.9,4238.8
3050679760,1635.2,4238.9
3050686770,3531.9,4286.9
3050686590,10667.9,4286.9
3050692570,8625.8,4333.3
3050692580,14476.0,4333.5
3050704050,2787.7,4478.3
3050704040,42960.7,4478.4
3050696590,6179.8,4502.6
3050696460,42163.0,4502.6
3050714210,37186.6,4617.2
3050714200,12545.8,4617.4
3050697190,15359.2,4629.1
3050697120,8516.7,4629.3
3050698660,23537.0,4799.1
3050698770,119.6,4799.3
3050700380,22961.5,4810.7
3050700640,20002.1,4810.7
3050004750,20288.8,0.0
3050005240,5204.3,0.0
3050005440,8102.8,0.0
3050049480,25881.2,139.5
3050049490,21950.3,139.6
3050051810,11869.7,367.8
3050051820,13152.1,367.9
3050069600,2605.6,581.7
3050069590,15666.7,581.8
3050078870,35859.9,656.5
3050078880,34539.6,656.6
3050005450,38890.2,0.0
3050006250,5324.1,0.0
3050037170,205.9,75.4
3050037200,17464.9,75.7
3050037630,8174.6,97.5
3050037660,8345.9,97.7
3050040740,14623.1,179.6
3050040750,37745.5,179.6
3050048460,21405.6,486.3
3050048500,10564.0,486.4
3050006260,88967.6,0.0
3050007880,9221.4,0.0
3050057180,18860.7,99.8
3050057220,4733.3,100.0
3050062640,20725.3,176.8
3050062630,98772.9,176.8
3050085070,28939.1,406.9
3050085080,24199.0,407.0
3050127140,64746.2,708.3
3050127150,30630.7,708.3
3050007890,3255.8,0.0
3050007940,48933.6,0.0
3050007950,9680.4,0.0
3050008270,9077.4,0.0
3050008280,368.4,0.0
3050008310,89819.9,0.0
3050008320,169.6,0.0
3050008330,19463.6,0.0
3050008340,7956.3,0.0
3050008610,21358.9,0.0
3050063660,15204.1,240.7
3050063670,74682.5,240.7
3050136030,6085.2,1387.0
3050136040,12048.3,1387.0
3050134370,47301.1,1565.4
3050134500,11970.1,1565.6
3050171850,17234.8,1867.0
3050172010,11837.3,1867.2
3050008620,937.7,0.0
3050008670,23514.2,0.0
3050009130,60878.4,0.0
3050108380,27803.5,532.6
3050108480,23621.8,532.8
3050145330,9353.7,719.8
3050145430,16356.8,720.0
3050150810,26935.3,745.2
3050150910,73407.1,745.3
3050238580,36956.3,1132.8
3050238760,20008.5,1133.1
3050264560,57771.3,1299.1
3050264710,23743.0,1299.3
3050299300,116164.2,1555.2
3050299510,33288.8,1555.3
3050287750,41185.9,1622.4
3050287680,50592.4,1622.6
3050298910,87993.5,1797.5
3050298820,98085.1,1797.7
3050378520,5500.5,1897.7
3050378670,12508.0,1897.8
3050330490,96729.1,1985.7
3050330670,69035.9,1985.8
3050386120,9921.7,2019.6
3050385980,30844.3,2019.7
3050403320,25263.5,2191.1
3050403520,15775.8,2191.4
3050402820,1542.1,2370.9
3050402620,17057.4,2371.0
3050411580,521.3,2418.3
3050411570,4392.1,2418.4
3050410810,169147.8,2421.3
3050410800,50004.3,2421.4
3050414000,87093.3,2446.5
3050413840,31991.5,2446.7
3050416640,12642.6,2494.0
3050416480,9763.5,2494.2
3050318170,21694.4,2548.6
3050318180,16097.4,2548.7
3050423340,26659.8,2684.2
3050423220,6423.2,2684.4
3050318150,40498.3,2725.0
3050318140,75345.4,2725.1
3050406840,14329.8,2775.3
3050406640,37643.3,2775.4
3050462780,112920.0,2806.9
3050462940,17871.2,2807.1
3050516790,4728.2,3001.2
3050516780,5379.4,3001.4
3050436940,14204.3,3066.6
3050437120,341.1,3066.8
3050531400,32009.7,3079.3
3050531600,9516.9,3079.4
3050441670,336.0,3092.1
3050441450,6446.5,3092.2
3050447690,18216.2,3116.6
3050447680,17419.3,3116.7
3050464610,52041.3,3158.6
3050464790,44283.7,3158.7
3050477790,18756.6,3263.9
3050477800,47213.1,3264.0
3050565810,22504.4,3360.5
3050565990,14630.1,3360.6
3050479690,12704.0,3406.9
3050479700,11188.0,3406.9
3050494540,46440.0,3546.6
3050494390,20115.9,3546.8
3050536190,11916.8,3834.4
3050536360,11247.9,3834.6
3050526410,58411.1,3864.6
3050526250,12436.6,3864.8
3050566420,42045.8,3980.6
3050566430,475.6,3980.7
3050566920,77799.8,4010.9
3050566790,17476.3,4011.1
3050009140,9994.4,0.0
3050009320,48105.4,0.0
3050009670,31147.8,0.0
3050125440,40239.8,452.9
3050125450,18509.2,453.0
3050140450,864.8,525.5
3050140440,54040.7,525.6
3050149450,19864.5,585.0
3050149440,24990.3,585.0
3050185470,15116.0,795.8
3050185590,28618.5,795.9
3050009680,4867.6,0.0
3050009770,20718.9,0.0
3050009780,20188.0,0.0
3050010130,7152.9,0.0
3050010140,7.1,0.0
3050010150,42762.9,0.0
3050010160,5090.2,0.0
3050010310,5527.4,0.0
3050010320,6537.1,0.0
3050010470,58734.2,0.0
3050136060,41142.5,558.8
3050136270,14622.9,559.1
3050151750,29892.8,675.0
3050151880,34560.2,675.2
3050193800,24219.6,953.0
3050193810,30056.0,953.1
3050256590,24120.1,1209.6
3050256580,83888.2,1209.7
3050010480,8710.9,0.0
3050010550,64313.7,0.0
3050010560,49076.2,0.0
3050010910,7725.4,0.0
3050132830,3587.6,99.8
3050133030,108245.2,100.0
3050127410,123033.1,227.0
3050127590,113948.2,227.2
3050211820,41462.2,890.3
3050211830,23492.4,890.4
3050253260,42307.6,1151.5
3050253420,189158.0,1151.7
3050010920,8211.0,0.0
3050011110,14003.4,0.0
3050011120,9764.3,0.0
3050011410,19522.2,0.0
3050011420,30.5,0.0
3050011430,11880.0,0.0
3050011440,15226.1,0.0
3050011680,20819.3,0.0
3050011690,1890.2,0.0
3050011770,36294.9,0.0
3050012270,4871.5,0.0
3050012340,39692.1,0.0
3050012350,1309.9,0.0
3050012400,172110.4,0.0
3050012410,1158.5,0.0
3050012480,31254.7,0.0
3050012490,30586.1,0.0
3050013050,15392.6,0.0
3050013060,69506.5,0.0
3050013900,28668.4,0.0
3050014640,7215.7,0.0
3050014650,6226.3,0.0
3050014970,53171.7,0.0
3050014980,16942.2,0.0
3050015490,6545.1,0.0
3050015500,5051.0,0.0
3050015630,5030.0,0.0
3050015640,8581.8,0.0
3050015900,11360.4,0.0
3050016150,10727.8,0.0
3050016160,45780.8,0.0
3050016910,11534.3,0.0
3050016920,4450.3,0.0
3050017010,17604.5,0.0
3050017020,2597.8,0.0
3050017070,8001.9,0.0
3050017080,31796.8,0.0
3050017570,99630.6,0.0
3050017830,113496.9,0.0
3050019360,162623.4,0.0
3050020950,498.2,0.0
3050020970,36524.5,0.0
3050022360,1923.3,0.0
3050022480,38365.2,0.0
3050023700,2060.8,0.0
3050023800,2498.7,0.0
3050024010,4066.6,0.0
3050024170,0.5,0.0
3050024180,3831.9,0.0
3050024310,185501.0,0.0
3050024320,109701.1,2229.1
3050024330,73575.4,0.0
3050024350,66895.5,1.0
3050024360,205699.6,2229.3
3050024380,27703.6,1.0
3050024390,43506.8,0.0
3050024400,35964.9,1.0
3050024510,13573.8,1848.1
3050024540,22286.5,1.0
3050024640,5144.4,4239.9
3050024960,19166.9,1.0
3050025010,1693.7,4239.8
4050000010,892.0,0.0
4050000080,2796.2,0.0
4050000090,690.1,0.0
4050000160,60969.6,0.0
4050000170,1973.6,0.0
4050000240,4290.1,0.0
4050000250,4575.2,0.0
4050000370,12049.3,0.0
4050000380,14679.1,0.0
4050000880,8403.1,0.0
4050098950,40295.7,92.1
4050098940,54602.8,92.1
4050128810,36834.9,521.2
4050128730,21952.9,521.4
4050150570,9096.0,748.0
4050150580,22626.3,748.0
4050165380,30070.7,910.2
4050165470,118.6,910.4
4050169390,25933.3,930.1
4050169400,8271.6,930.2
4050183970,5459.2,1036.7
4050183770,24565.2,1036.7
4050195690,23215.1,1121.8
4050195810,33040.3,1122.0
4050186730,1945.8,1187.6
4050186800,52717.5,1187.8
4050185230,7718.0,1205.9
4050185380,22719.0,1206.1
4050236600,328.0,1322.5
4050236610,29728.4,1322.7
4050240510,53630.6,1353.5
4050240390,17493.1,1353.7
4050225210,37178.0,1542.1
4050225200,97730.7,1542.3
4050154410,1356.6,1594.0
4050154300,8643.6,1594.2
4050150480,70141.4,1637.3
4050150470,7826.3,1637.4
4050148980,15624.9,1706.6
4050148900,15521.9,1706.8
4050136250,15155.4,1915.8
4050136170,7677.4,1915.9
4050124280,15409.2,2017.2
4050124220,12791.1,2017.4
4050251820,325.4,2081.3
4050251620,41586.0,2081.3
4050255230,39397.0,2118.1
4050255430,74102.8,2118.1
4050114800,31029.3,2169.4
4050114730,24384.6,2169.6
4050113950,68389.4,2195.3
4050113890,27810.0,2195.5
4050245080,42301.1,2207.7
4050244900,167288.0,2207.8
4050094650,16015.5,2497.0
4050094550,2710.5,2497.1
4050089990,22408.5,2586.5
4050090000,58862.0,2586.6
4050094870,16105.9,2590.5
4050094810,3481.4,2590.7
4050092770,9497.7,2675.1
4050092730,9877.7,2675.3
4050094220,1283.2,2777.4
4050094160,11031.4,2777.6
4050095270,8096.1,2822.7
4050095320,34855.8,2822.9
4050099870,20437.9,3080.3
4050099810,12100.8,3080.5
4050110480,32625.9,3126.0
4050110370,15771.4,3126.0
4050111700,27444.9,3326.2
4050111760,3166.6,3326.3
4050114350,9817.3,3403.4
4050114260,37605.2,3403.4
4050136400,8159.7,3443.4
4050136410,15787.9,3443.6
4050118450,73874.1,3460.2
4050118460,9138.9,3460.3
4050146480,2527.4,3586.1
4050146590,54661.5,3586.3
4050151740,69250.1,3636.0
4050151730,90327.3,3636.1
4050000890,9126.5,0.0
4050001240,21655.0,0.0
4050001250,16995.8,0.0
4050001560,7666.6,0.0
4050001570,44978.8,0.0
4050002470,16787.3,0.0
4050002480,4266.8,0.0
4050002770,33170.4,0.0
4050002780,6872.4,0.0
4050003020,99062.1,0.0
4050005050,25245.3,0.0
4050005060,53777.1,0.0
4050005710,62213.4,0.0
4050005720,25682.6,0.0
4050006520,27825.1,0.0
4050006530,470.8,0.0
4050006570,43174.1,0.0
4050348030,11136.9,429.3
4050348020,5989.1,429.4
4050327320,12737.8,508.7
4050327110,46629.8,508.8
4050332450,1239.5,693.2
4050332620,12667.3,693.4
4050332910,29305.1,799.5
4050333000,29420.1,799.6
4050006580,37116.3,0.0
4050006940,3744.2,0.0
4050007080,45724.3,0.0
4050007090,10034.3,0.0
4050007380,9825.0,0.0
4050007400,117.1,0.0
4050007410,1074.7,0.0
4050483160,1663.1,70.3
4050483080,70424.7,70.5
4050486110,33105.9,101.4
4050486260,7.1,101.6
4050486970,65199.9,104.1
4050486980,4780.7,104.3
4050567380,19912.3,493.1
4050567390,15161.7,493.1
4050007420,20335.7,0.0
4050007660,14362.2,0.0
4050007670,3784.3,0.0
4050007850,77127.5,0.0
4050627250,7777.0,1200.5
4050627620,222.3,1200.7
4050625630,4921.8,1218.9
4050625500,27259.2,1219.1
4050603740,40071.6,1294.9
4050603570,28483.5,1295.1
4050629690,992.8,1320.6
4050629590,4547.9,1320.6
4050631880,45411.7,1356.6
4050631960,28426.8,1356.8
4050548370,58306.7,1553.3
4050548260,52816.1,1553.5
4050625230,10713.7,1753.2
4050625490,12643.3,1753.3
4050448990,20983.1,2083.1
4050448840,17620.4,2083.1
4050431380,49568.1,2361.4
4050431060,26569.8,2361.4
4050534090,19623.9,3002.4
4050534180,14473.6,3002.4
4050563950,14968.8,3277.0
4050564070,10681.3,3277.2
4050578830,1244.3,3462.8
4050578640,62487.2,3463.0
4050585650,25428.8,3508.2
4050585760,540.1,3508.4
4050589340,31612.7,3530.5
4050589480,7198.9,3530.5
4050603550,6539.8,3973.8
4050603560,25936.7,3973.9
4050646320,7670.4,4314.7
4050646500,78354.2,4314.9
4050007860,2732.4,0.0
4050007940,10846.3,0.0
4050007950,5908.6,0.0
4050008060,6596.8,0.0
4050008070,43516.7,0.0
4050009170,58813.1,0.0
4050009180,3305.9,0.0
4050009280,12134.4,0.0
4050009290,17536.2,0.0
4050009880,4424.8,0.0
4050694350,77129.0,67.1
4050694190,17568.4,67.3
4050668010,6108.1,285.1
4050667920,9853.7,285.1
4050670370,13146.2,397.4
4050670500,3124.5,397.4
4050675920,15266.6,487.9
4050676030,16629.1,488.1
4050689020,38140.8,615.0
4050689150,52241.0,615.1
4050773130,33943.4,622.7
4050773260,1070.7,622.9
4050783970,61821.0,666.5
4050783960,2030.7,666.6
4050791820,1725.8,698.1
4050791810,14793.5,698.3
4050817390,16943.1,803.4
4050817380,7855.9,803.4
4050748310,22235.0,902.2
4050748300,508.2,902.2
4050744670,14961.3,946.7
4050744360,19461.8,946.7
4050859240,9095.1,1013.1
4050859250,47088.9,1013.3
4050783120,74517.4,1134.2
4050783330,6993.3,1134.2
4050795650,1134.3,1186.0
4050795660,102149.7,1186.2
4050802670,562.3,1232.1
4050802680,29520.5,1232.2
4050801390,14070.3,1274.3
4050801220,26906.3,1274.6
4050704560,24051.3,1381.7
4050704410,11720.5,1381.9
4050687420,4553.1,1508.2
4050687330,16148.9,1508.3
4050815910,60454.4,1587.8
4050815730,19393.4,1588.0
4050680810,61423.3,1633.0
4050681060,12477.5,1633.0
4050774570,87461.9,2060.1
4050774560,11137.3,2060.3
4050779600,159177.9,2187.2
4050779690,73361.6,2187.4
4050805770,135296.4,2573.3
4050805930,86775.1,2573.5
4050872820,269985.3,3348.5
4050872680,128186.5,3348.7
4050009890,4430.5,0.0
4050010150,26251.8,0.0
4050010160,4645.0,0.0
4050010370,43614.7,0.0
4050010380,29366.5,0.0
4050011100,17206.0,0.0
4050011110,22521.2,0.0
4050011540,60892.5,0.0
4050011550,3407.2,0.0
4050011690,34316.4,0.0
4050012280,29396.3,0.0
4050012290,18089.8,0.0
4050012770,33311.3,0.0
4050012780,8124.2,0.0
4050012990,2886.7,0.0
4050978600,63688.9,108.2
4050978610,47780.0,108.2
4050972210,2922.5,491.6
4050972260,89442.5,491.8
4050960530,55124.9,614.1
4050960280,58422.7,614.1
4050925420,26768.0,1265.2
4050925590,56768.6,1265.2
4050013000,89832.6,0.0
4050015000,4008.1,0.0
4051022750,36067.6,223.2
4051022740,100.3,223.4
4051023270,19227.6,235.5
4051023260,48788.0,235.7
4051005660,10248.5,639.7
4051005540,6341.2,639.9
4050984860,8976.4,853.4
4050984750,7092.3,853.6
4050015010,7175.9,0.0
4050015090,137.6,0.0
4050015100,29596.0,0.0
4050015110,3927.1,0.0
4050015260,27328.2,0.0
4050015270,79690.4,0.0
4050016810,29759.6,0.0
4050016820,40.7,0.0
4050016830,15587.5,0.0
4050016840,8231.7,0.0
4050017020,20369.0,0.0
4051144880,88254.0,308.0
4051144860,26551.7,308.2
4051128330,79014.5,660.6
4051128230,19414.5,660.8
4051108500,4919.4,916.6
4051108580,3952.0,916.8
4051108670,8317.4,971.1
4051108770,4796.9,971.1
4051110370,53397.3,1033.6
4051110320,8814.5,1033.8
4051100360,26094.1,1059.4
4051100320,19977.9,1059.5
4051098480,3477.3,1255.6
4051098410,8182.2,1255.8
4051080170,12987.4,1295.2
4051080120,2057.4,1295.4
4051096750,15118.1,1366.1
4051096740,13810.3,1366.3
4051071320,14807.4,1390.6
4051071310,11490.0,1390.8
4051073830,53902.2,1529.8
4051073760,16807.7,1529.8
4051043580,54911.5,2136.1
4051043590,26057.6,2136.1
4051022090,15209.3,2668.0
4051022100,54660.3,2668.2
4050933180,41312.9,3307.9
4050933190,12061.1,3308.1
4050730280,16904.0,4275.2
4050730290,4719.1,4275.3
4050705180,19111.8,4394.8
4050705050,12878.4,4395.0
4050017030,2031.0,0.0
4050017110,6032.5,0.0
4050017120,47125.8,0.0
4050018230,22003.5,0.0
4050018240,519.6,0.0
4050018280,144310.5,0.0
4050018290,466.3,0.0
4050018330,12930.6,0.0
4050018340,19.4,0.0
4050018350,123.1,0.0
4050018360,28650.2,0.0
4050018370,96703.5,0.0
4050020060,28865.8,0.0
4050020070,43859.0,0.0
4050020980,14874.4,0.0
4050020990,46615.1,0.0
4050022440,17738.5,0.0
4050022450,11562.6,0.0
4050022790,10641.8,0.0
4050023050,9409.8,0.0
4050023060,7760.0,0.0
4051077730,4474.5,172.4
4051077760,14978.0,172.6
4051062690,19390.5,337.5
4051062700,11937.7,337.7
4051046870,149228.7,492.4
4051046810,15341.6,492.6
4050718400,29242.9,2732.5
4050718180,13938.4,2732.5
4050023070,5214.4,0.0
4050023210,66.9,0.0
4050023220,34265.1,0.0
4050023230,29950.4,0.0
4050023810,65235.2,0.0
4051020030,24223.0,759.9
4051019890,114686.9,760.1
4051010350,47023.2,883.4
4051010310,17602.7,883.5
4050956240,22908.1,1146.8
4050956110,37111.7,1146.9
4050903190,24336.7,1535.2
4050902890,23220.0,1535.2
4050023820,16617.7,0.0
4050024190,96502.0,0.0
4050025450,176.0,0.0
4050975160,85401.0,6.8
4050975150,4180.4,7.0
4050960200,179.1,123.0
4050960480,35249.1,123.0
4050956230,29108.4,142.3
4050956220,17760.1,142.3
4050900670,23673.9,377.4
4050900680,15667.7,377.5
4050886350,8890.8,507.1
4050886200,33153.7,507.3
4050911800,89251.2,521.8
4050911950,166655.9,521.8
4050884290,37208.2,646.7
4050884570,19705.7,646.7
4050901850,131947.7,877.9
4050901960,82221.8,878.0
4050865930,22704.7,885.1
4050865800,33952.3,885.3
4050839030,41500.0,1101.6
4050838850,21484.8,1101.8
4050911460,93853.8,1341.6
4050911450,130776.4,1341.7
4050769470,2155.1,1558.9
4050769230,28908.9,1559.0
4050784170,27635.3,1703.7
4050783910,17928.6,1703.7
4050876840,142339.4,1805.8
4050876680,79529.7,1806.0
4050786650,54527.3,2219.1
4050786460,32627.4,2219.1
4050785160,51753.6,2554.1
4050784890,20256.6,2554.1
4050025460,48172.5,0.0
4050026610,29784.4,0.0
4050026620,979.7,0.0
4050026660,37787.4,0.0
4050026670,6219.0,0.0
4050026820,19433.9,0.0
4050026830,10384.2,0.0
4050027010,51414.2,0.0
4050027020,887.0,0.0
4050027100,17293.8,0.0
4051031720,23014.1,355.3
4051031590,10023.9,355.4
4051017990,13692.6,454.7
4051017890,12700.8,454.8
4051013760,4451.7,605.2
4051013640,9986.6,605.2
4051013550,31108.0,636.2
4051013620,13253.3,636.4
4050027110,57148.5,0.0
4050027780,5961.9,0.0
4051081310,15565.4,183.3
4051081260,21506.4,183.4
4051065250,1483.3,409.1
4051065170,40768.7,409.3
4051063700,108512.7,459.9
4051063690,30040.9,460.1
4051063670,55542.3,781.0
4051063810,30995.5,781.0
4050027790,13671.6,0.0
4050027940,20988.0,0.0
4051092490,11327.8,255.5
4051092530,19689.8,255.7
4051101510,71293.2,507.0
4051101500,9181.9,507.2
4051096410,55641.3,639.6
4051096370,24695.8,639.8
4051083880,33562.2,970.5
4051083890,12404.2,970.5
4050027950,5979.6,0.0
4050028040,8819.5,0.0
4050028050,10274.0,0.0
4050028200,54905.1,0.0
4050028210,17401.7,0.0
4050028550,17994.6,0.0
4050028560,4844.5,0.0
4050028670,13816.3,0.0
4050028680,9830.0,0.0
4050028760,78368.8,0.0
4050028770,45136.8,0.0
4050029530,15114.4,0.0
4050029810,6376.7,0.0
4050029820,92286.9,0.0
4050031520,64337.5,0.0
4050031530,2498.5,0.0
4050031610,96047.0,0.0
4050031620,6081.0,0.0
4050031730,34075.5,0.0
4050031740,28.4,0.0
4050031750,1892.0,0.0
4050031820,29977.0,0.0
4050031830,23549.7,0.0
4050032410,10473.4,0.0
4050032420,14719.8,0.0
4050032880,29277.9,0.0
4050032890,11393.5,0.0
4050033430,6915.8,0.0
4050952440,14670.6,62.1
4050952550,112435.0,62.2
4050919920,79322.3,237.2
4050919930,13193.7,237.4
4050802250,22146.7,948.4
4050802440,18544.5,948.6
4050785020,20049.2,1284.6
4050785260,37983.3,1284.6
4050033440,5868.8,0.0
4050033640,17092.8,0.0
4050879050,33009.8,426.6
4050879040,97710.9,426.8
4050794590,7124.9,1026.8
4050794730,1108.4,1026.9
4050786190,161747.0,1085.1
4050786200,324.4,1085.3
4050784370,26751.1,1108.3
4050784150,14381.6,1108.3
4050744390,10298.5,1233.2
4050744380,4884.2,1233.4
4050718640,39412.2,1338.6
4050718650,12612.7,1338.8
4050685650,25831.5,1499.4
4050685660,2042.4,1499.5
4050673650,11224.9,1568.6
4050673550,12052.1,1568.8
4050729890,25542.7,1643.1
4050729700,17156.5,1643.1
4050648310,92570.8,1718.7
4050648320,69087.2,1718.8
4050709980,10140.2,2229.2
4050709990,30987.7,2229.4
4050607260,66467.4,2400.4
4050607420,72730.3,2400.6
4050033650,35396.3,0.0
4050034220,4076.1,0.0
4050034410,2359.3,0.0
4050034510,74997.4,0.0
4050037060,85506.2,0.0
4050039450,39397.8,0.0
4050040710,18969.6,0.0
4050041290,642.5,0.0
4050041320,231936.1,0.0
4050045690,1303.6,0.0
4050045700,1977.7,0.0
4050045780,88.0,0.0
4050045800,418.2,0.0
4050045820,908.0,0.0
4050045850,264.2,0.0
4050045890,276.0,0.0
4050046100,4339.1,0.0
4050046370,36790.4,0.0
4050047490,3.9,0.0
4050047500,34604.3,0.0
4050048470,8463.1,0.0
4050048900,66904.0,0.0
4050050210,82566.9,0.0
4050449990,21850.0,0.2
4050449660,90827.4,0.2
4050475930,72.6,227.9
4050476110,22738.3,228.1
4050475170,53708.0,239.1
4050475000,3323.4,239.3
4050452880,7375.6,340.1
4050452670,27835.9,340.3
4050416010,40359.9,553.9
4050416000,514.1,554.0
4050416430,6408.6,589.6
4050416190,33109.8,589.7
4050427020,9132.7,657.3
4050427010,19011.5,657.5
4050441830,1316.5,774.4
4050442120,86345.9,774.6
4050440700,22326.3,861.5
4050440840,6506.8,861.6
4050440300,40644.4,902.5
4050439980,15019.4,902.5
4050438030,98577.8,1159.8
4050438130,6264.4,1160.0
4050462930,326.0,1346.9
4050462690,76777.0,1346.9
4050469310,106.9,1396.5
4050469570,23071.8,1396.5
4050469430,2619.3,1410.0
4050469680,28021.8,1410.0
4050505600,7001.7,1425.0
4050505750,1077.2,1425.2
4050508980,4914.6,1443.1
4050509080,395.1,1443.3
4050510750,2097.7,1458.3
4050510850,12696.6,1458.5
4050515470,24574.3,1480.6
4050515600,18639.0,1480.7
4050492120,10686.8,1604.4
4050492110,7713.7,1604.6
4050523580,11552.6,1859.8
4050523690,29586.3,1859.9
4050050220,64660.9,0.0
4050273960,45425.0,0.2
4050274280,62829.8,0.3
4050274300,53924.2,0.3
4050482720,223.9,982.3
4050484700,69512.4,1001.6
4050484760,902.1,1001.8
4050496820,39510.2,1066.0
4050496830,18865.3,1066.2
4050531200,8996.8,1298.4
4050531330,24340.7,1298.6
4050538040,38292.9,1413.8
4050538240,14547.1,1413.8
4050549780,37758.6,1599.9
4050549620,100.0,1600.1
4050545690,4342.5,1615.9
4050545530,38706.7,1616.1
4050543770,257.6,1749.6
4050544080,20929.9,1749.7
4050540620,9065.7,1769.1
4050540630,23044.3,1769.3
4050520570,3570.6,2213.0
4050520710,31355.2,2213.2
4050508720,4452.8,2336.2
4050508830,19777.4,2336.4
4050050230,2012.0,0.0
4050223260,1124.5,0.1
4050223160,11938.3,0.3
4050225090,18972.9,16.0
4050225300,3320.5,16.2
4050234270,52472.7,58.1
4050234430,12595.8,58.3
4050214510,19610.6,68.0
4050214350,21732.6,68.0
4050212930,18206.6,116.5
4050213020,14146.7,116.7
4050219180,34343.9,223.5
4050219380,18213.3,223.7
4050214180,22260.7,407.1
4050214010,27440.1,407.3
4050298550,9745.0,410.4
4050298640,12918.5,410.5
4050317010,14514.7,486.7
4050317280,6432.9,486.9
4050313680,29295.5,684.8
4050313840,8218.5,685.0
4050325880,2786.2,960.3
4050325660,9594.9,960.5
4050326920,7663.6,1029.9
4050327070,27577.8,1030.1
4050050240,17562.5,0.0
4050237450,69862.4,124.2
4050237460,14788.4,124.3
4050355280,9886.4,1244.3
4050355290,14379.2,1244.5
4050411980,31437.5,1509.3
4050411990,78574.0,1509.4
4050421200,28600.0,2040.8
4050420980,60782.6,2040.8
4050050250,147526.1,0.0
4050050260,5611.4,1.0
4050188900,12063.6,27.6
4050188910,2062.2,27.7
4050199500,32616.3,95.8
4050199510,10367.8,96.0
4050247970,36839.2,356.7
4050247980,3933.1,356.9
4050255200,7701.7,452.4
4050255100,28277.3,452.6
4050050270,110037.0,0.0
4050050280,91361.4,0.0
4050050290,87577.3,0.0
4050050300,75346.1,0.0
4050050310,73166.2,0.0
4050050320,71257.7,0.0
4050050330,63346.0,0.0
4050050340,53030.7,0.0
4050050350,45343.4,0.0
4050050360,43158.8,0.0
4050050370,98548.2,0.0
4050050380,46481.8,0.0
4050050390,82554.9,0.0
4050050400,75049.6,1.0
4050050410,54725.1,0.0
4050050420,65664.7,0.0
4050050430,56958.4,0.0
4050050440,34195.3,0.0
4050050450,30565.0,0.0
4050050470,64450.4,0.0
4050050480,77224.9,0.0
4050050490,50525.5,2823.7
4050050500,76172.3,0.0
4050050520,76737.4,0.0
4050050530,31317.2,0.0
4050050540,22224.4,0.0
4050050550,22951.4,1.0
4050050560,89555.5,0.0
4050050570,21917.0,0.0
4050050580,44285.5,0.0
4050050590,86008.4,0.0
4050050600,48192.6,0.0
4050050610,64120.7,0.0
4050050630,35568.5,0.0
4050050660,18657.3,0.0
4050050680,17990.1,0.0
4050050690,35437.4,0.0
4050050700,19291.1,0.0
4050050720,26590.4,0.0
4050050730,56519.9,0.0
4050050740,33604.5,0.0
4050050780,41195.2,0.0
4050050790,23642.1,0.0
4050050810,72912.2,0.0
4050050820,28616.4,0.0
4050050830,47756.4,0.0
4050050850,21703.1,1.0
4050050860,26410.6,0.0
4050050900,54732.1,0.0
4050050910,30238.7,0.0
4050050940,67679.5,0.0
4050050950,55657.6,0.0
4050050960,17557.1,0.0
4050050970,14949.4,2823.9
4050050980,44799.5,0.0
4050051010,17732.6,1.0
4050051020,18927.8,1.0
4050051090,28844.6,0.0
4050051100,12767.0,0.0
4050051120,26018.3,1161.0
4050051130,21718.6,0.0
4050051150,29261.1,0.0
4050051160,24221.0,0.0
4050051190,20837.7,0.0
4050051210,82811.2,0.0
4050051270,70208.7,0.0
4050051280,7621.3,1.3
4050051340,27238.3,0.0
4050051400,26647.1,0.0
4050051420,13336.0,0.0
4050051430,14262.9,0.0
4050051440,20034.6,0.0
4050051450,6997.4,1.0
4050051460,10833.2,3463.8
4050051530,18565.3,0.0
4050051540,31419.3,0.0
4050051590,17534.0,0.0
4050051600,15243.4,1554.3
4050051670,7391.4,1.0
4050051720,13304.5,0.0
4050051740,35342.8,0.0
4050051760,21636.1,0.0
4050051820,4737.8,0.0
4050051850,4666.6,1.0
4050051880,7274.6,1.0
4050051890,4634.9,1.0
4050051910,4566.9,0.0
4050051930,24336.6,0.0
4050051940,4460.1,1616.9
4050052040,21175.0,0.0
4050052060,4909.4,0.0
4050052120,28429.3,0.0
4050052200,48923.1,0.0
4050052210,6417.2,0.0
4050052290,16989.7,0.0
4050052370,10394.7,0.0
4050052500,24503.1,0.0
4050052560,15001.3,0.0
4050052570,4571.0,0.0
4050052610,7121.0,590.6
4050052650,6848.5,1.0
4050052690,3409.3,0.0
4050052810,5859.9,1.0
4050053370,2381.0,124.0
4050053400,3895.1,0.0
4050053490,2331.6,1027.9
4050054280,4926.2,0.0
4050057140,2151.4,0.0
4050060240,1227.3,917.6
4050062830,762.2,0.0
5050000010,42219.3,0.0
5050001700,4887.2,0.0
5050001710,8724.6,0.0
5050001960,11947.9,0.0
5050001970,67785.1,0.0
5050003520,5632.3,0.0
5050003530,8484.3,0.0
5050003610,9202.9,0.0
5050003620,2971.3,0.0
5050003690,19228.5,0.0
5050003700,31206.2,0.0
5050004220,20388.8,0.0
5050004230,40839.0,0.0
5050004800,42681.0,0.0
5050004810,21273.6,0.0
5050005140,54846.8,0.0
5050005150,48401.6,0.0
5050005830,14967.5,0.0
5050006690,6824.8,0.0
5050006900,17360.7,0.0
5050007690,128700.4,0.0
5050011270,83.5,0.0
5050011280,232.9,0.0
5050011290,4713.5,0.0
5050011510,211.2,0.0
5050011520,815.3,0.0
5050011560,5544.4,0.0
5050011790,233.6,0.0
5050011800,53151.3,0.0
5050014020,40813.0,0.0
5050015660,19957.2,0.0
5050015820,60621.2,0.0
5050015830,258.4,0.0
5050015870,15993.7,0.0
5050015880,6989.6,0.0
5050016040,19131.3,0.0
5050016050,340.7,0.0
5050016080,14606.9,0.0
5050016090,20348.0,0.0
5050016380,13709.5,0.0
5050016390,42534.8,0.0
5050017030,83879.4,0.0
5050017040,46482.8,0.0
5050017820,45411.8,0.0
5050017830,27227.5,0.0
5050018260,22371.7,0.0
5050018270,48959.8,0.0
5050019300,16091.2,0.0
5050019310,35684.4,0.0
5050020110,15879.7,0.0
5050020120,5880.6,0.0
5050020270,29917.3,0.0
5050020280,43518.1,0.0
5050021180,76429.7,0.0
5050021190,33146.0,0.0
5050022170,199.6,0.0
5050022200,3350.8,0.0
5050022430,39.1,0.0
5050022500,16000.2,0.0
5050023260,4806.5,0.0
5050023450,98528.7,0.0
5050026110,26460.3,0.0
5050027190,35259.6,0.0
5050028320,13064.9,0.0
5050028890,107832.7,0.0
5050030950,1570.1,0.0
5050031010,948.6,0.0
5050031050,951.2,0.0
5050031240,172671.0,0.0
5050036230,1358.3,0.0
5050036300,9903.8,0.0
5050036740,557.7,0.0
5050036790,3480.9,0.0
5050036920,5122.8,0.0
5050037100,968.0,0.0
5050037150,2137.9,0.0
5050037270,39095.3,0.0
5050038940,28035.0,0.0
5050039910,41.8,0.0
5050040040,7199.4,0.0
5050040360,48441.6,0.0
5050041230,33079.6,0.0
5050041240,56152.3,0.0
5050041870,64319.9,0.0
5050041880,26467.5,0.0
5050042540,8100.2,0.0
5050042550,24648.3,0.0
5050042830,25598.1,0.0
5050042840,3658.3,0.0
5050043020,9566.6,0.0
5050043030,12060.9,0.0
5050043310,27956.1,0.0
5050043320,175386.7,0.0
5050046910,79016.5,0.0
5050046920,32183.7,0.0
5050047720,80130.4,0.0
5050047730,88694.4,0.0
5050049720,111719.6,0.0
5050049750,12697.3,0.0
5050050310,5811.8,0.0
5050050550,6716.7,0.0
5050050850,51068.2,0.0
5050053140,39842.3,0.0
5050054880,1801.4,0.0
5050055000,4.1,0.0
5050055010,1187.9,0.0
5050055130,3.0,0.0
5050055420,1720.9,0.0
5050055870,172.2,0.0
5050055950,14263.2,0.0
5050055960,61996.0,0.0
5050056460,8860.7,0.0
5050558240,16836.7,146.5
5050558410,11390.8,146.6
5050560670,9397.9,344.8
5050560780,32198.9,345.0
5050546000,12186.6,475.6
5050546200,9988.1,475.8
5050543690,4688.4,679.4
5050543700,8622.5,679.6
5050056470,51776.1,0.0
5050056740,23118.0,0.0
5050467810,11190.7,332.3
5050467820,9635.2,332.5
5050442770,5660.8,515.8
5050442690,6151.2,515.8
5050436020,1746.2,657.8
5050435920,6240.2,658.0
5050439380,6083.8,705.6
5050439480,17747.2,705.8
5050056750,48217.5,0.0
5050057320,73671.3,0.0
5050057330,51089.2,0.0
5050057710,77969.7,0.0
5050057720,8288.7,0.0
5050057900,7587.7,0.0
5050057910,1722.0,0.0
5050057970,47927.1,0.0
5050057980,19749.6,0.0
5050058410,8637.6,0.0
5050058420,8981.4,0.0
5050058580,53454.5,0.0
5050058590,19026.0,0.0
5050059020,23538.1,0.0
5050059440,95695.6,0.0
5050059450,4907.6,0.0
5050059560,10068.9,0.0
5050059570,57990.4,0.0
5050060860,15723.5,0.0
5050060870,15621.7,0.0
5050061140,14238.0,0.0
5050061150,12021.8,0.0
5050061240,52663.1,0.0
5050061250,15978.9,0.0
5050061660,1060.1,0.0
5050241060,19014.8,27.5
5050241230,16042.5,27.5
5050250400,8018.8,313.7
5050250410,10909.2,313.9
5050257150,10764.8,392.5
5050257160,15895.6,392.7
5050269970,6872.2,537.3
5050269980,12501.6,537.5
5050061670,19099.9,0.0
5050062110,54522.9,0.0
5050062120,30265.5,0.0
5050062580,11228.8,0.0
5050062590,914.8,0.0
5050062660,7674.2,0.0
5050062670,32468.8,0.0
5050063210,10416.2,0.0
5050063220,31031.0,0.0
5050064130,77474.5,0.0
5050064140,5853.9,0.0
5050064280,15334.7,0.0
5050064290,5777.8,0.0
5050064530,17973.1,0.0
5050064540,45961.8,0.0
5050065420,44026.7,0.0
5050065430,4545.6,0.0
5050065470,32657.3,0.0
5050065480,6512.4,0.0
5050065600,1790.0,0.0
5050277930,32.9,133.9
5050277960,10309.6,133.9
5050279120,47148.0,143.4
5050279190,2739.4,143.4
5050305550,3836.1,397.9
5050305580,12601.2,397.9
5050315930,20589.6,564.6
5050315790,8738.4,564.6
5050065610,43.4,0.0
5050065630,49405.8,0.0
5050065640,4751.1,0.0
5050065780,40549.1,0.0
5050065790,2139.3,0.0
5050065850,25531.9,0.0
5050065860,8031.4,0.0
5050065980,63660.7,0.0
5050067860,26957.6,0.0
5050068450,4654.0,0.0
5050310980,9431.2,121.7
5050311060,1699.3,121.7
5050315040,74314.2,179.3
5050315010,7944.9,179.5
5050300580,3440.4,368.7
5050300480,11789.2,368.7
5050289850,6511.6,517.1
5050289740,10646.2,517.3
5050068460,23350.6,0.0
5050069590,9463.9,0.0
5050382670,5226.7,286.3
5050382770,50839.6,286.5
5050365270,22654.3,423.4
5050365400,7567.3,423.6
5050381030,2423.4,592.5
5050381140,17337.4,592.6
5050378580,8626.2,631.6
5050378670,16772.9,631.8
5050069600,14751.2,0.0
5050069960,33211.9,0.0
5050069970,48498.6,0.0
5050070700,22150.2,0.0
5050070710,32229.3,0.0
5050071130,21294.4,0.0
5050071140,2011.3,0.0
5050071270,20989.6,0.0
5050071280,28475.2,0.0
5050071980,15086.1,0.0
5050071990,67981.2,0.0
5050073130,13227.4,0.0
5050073140,18400.0,0.0
5050073410,98950.4,0.0
5050591050,5093.1,658.6
5050591010,78799.2,658.8
5050595260,279.3,925.0
5050595240,50540.7,925.1
5050595630,6893.9,960.0
5050595640,113432.0,960.1
5050593410,21024.0,1077.9
5050593360,76643.4,1077.9
5050533450,20319.1,1504.6
5050533380,53422.7,1504.8
5050597410,17351.1,1655.0
5050597480,3741.6,1655.0
5050524870,4.8,1668.3
5050524780,15576.0,1668.3
5050525070,32195.7,1670.7
5050524970,13781.0,1670.9
5050511420,35156.6,1766.7
5050511570,95584.8,1766.9
5050528460,56306.4,1817.2
5050528230,9542.6,1817.3
5050525750,27668.8,1909.1
5050525860,39118.3,1909.3
5050510890,48669.5,2039.4
5050510880,15906.6,2039.4
5050073420,27853.3,0.0
5050074320,5460.8,0.0
5050074330,2102.7,0.0
5050074440,3976.1,0.0
5050074450,10505.3,0.0
5050074640,2079.9,0.0
5050074650,1029.7,0.0
5050074720,2465.7,0.0
5050074730,35142.1,0.0
5050075380,2208.1,0.0
5050075390,2251.5,0.0
5050075460,4154.8,0.0
5050075470,1690.0,0.0
5050075500,22795.6,0.0
5050075510,1907.0,0.0
5050075580,2377.3,0.0
5050075590,39.3,0.0
5050075600,2930.2,0.0
5050075610,27691.4,0.0
5050076320,5011.7,0.0
5050076330,5270.5,0.0
5050076520,4123.4,0.0
5050076530,23590.0,0.0
5050076880,6956.6,0.0
5050076890,5390.7,0.0
5050077010,351.7,0.0
5050077040,45.2,0.0
5050077080,7795.0,0.0
5050077640,69406.6,0.0
5050079480,29.4,0.0
5050079490,51.6,0.0
5050079500,32.7,0.0
5050079570,14.2,0.0
5050079730,19706.5,0.0
5050081550,175335.2,0.0
5050082270,13635.6,0.0
5050082510,8200.6,0.0
5050082520,27055.3,0.0
5050083490,6409.3,0.0
5050083500,54525.3,0.0
5050084670,11928.1,0.0
5050084680,9860.2,0.0
5050084900,20630.5,0.0
5050084910,252.9,0.0
5050084940,1911.3,0.0
5050085040,6228.5,0.0
5050085190,5848.4,0.0
5050085200,130.0,0.0
5050085220,3919.7,0.0
5050085230,3218.6,0.0
5050085290,7114.4,0.0
5050085300,12082.1,0.0
5050085810,14398.6,0.0
5050085820,63709.7,0.0
5050087520,33.9,0.0
5050087540,980.2,0.0
5050087590,55047.8,0.0
5050491500,0.2,0.2
5050491510,52005.3,0.3
5050491370,141.9,0.7
5050491380,19208.6,0.9
5050486640,580.9,25.2
5050486630,41197.8,25.3
5050477050,749.8,86.9
5050476910,6194.5,87.1
5050473310,2459.2,154.6
5050473110,5193.6,154.8
5050462270,17154.5,328.6
5050462200,20480.4,328.7
5050456070,17240.7,373.8
5050455970,5173.4,373.8
5050431700,1954.1,570.1
5050431410,12761.6,570.1
5050413450,17723.7,634.4
5050413200,26770.9,634.4
5050429160,12584.2,641.3
5050429340,30559.9,641.3
5050472780,11186.3,725.4
5050472870,25836.7,725.5
5050455880,16876.9,880.4
5050455890,5400.2,880.5
5050380650,8018.4,935.2
5050380550,27863.8,935.4
5050383690,1451.4,945.8
5050383700,15724.0,945.8
5050373660,17135.0,1003.6
5050373650,7407.5,1003.8
5050434260,18702.3,1012.2
5050434220,3237.7,1012.4
5050366980,25271.3,1105.8
5050366850,33346.7,1106.0
5050418250,53564.2,1115.8
5050418140,95272.9,1116.0
5050351690,6625.5,1143.4
5050351780,9341.5,1143.6
5050324690,34628.4,1379.6
5050324520,51614.6,1379.6
5050087600,78249.5,0.0
5050087610,87902.1,0.0
5050087620,64371.1,0.0
5050087630,67244.8,1.0
5050087640,80788.8,0.0
5050087650,161182.2,1.7
5050087660,53170.1,0.0
5050087670,52882.2,0.0
5050087680,45837.2,0.0
5050087690,47423.1,0.0
5050087700,134656.4,1.3
5050087710,73779.3,0.0
5050087720,39641.9,0.0
5050087730,38807.6,0.0
5050087740,65879.0,0.0
5050087750,35898.1,0.0
5050087760,33357.6,0.0
5050087780,64813.4,0.0
5050087800,31076.7,0.0
5050087810,30186.5,0.0
5050087820,27499.2,0.0
5050087830,42892.0,0.0
5050087840,89261.1,0.0
5050087850,25921.7,0.0
5050087860,25654.4,0.0
5050087870,22725.7,0.0
5050087900,19611.0,0.0
5050087940,98577.9,374.8
5050087950,17067.6,0.0
5050087960,16956.8,0.0
5050087970,15776.0,0.0
5050087980,80717.2,0.0
5050087990,14987.6,1.0
5050088000,23011.7,0.0
5050088010,50967.7,0.0
5050088030,14036.0,0.0
5050088040,13961.1,0.0
5050088050,13925.2,0.0
5050088090,13736.7,0.0
5050088100,16501.4,0.0
5050088120,18707.4,0.0
5050088130,18529.2,0.0
5050088140,11835.8,0.0
5050088150,11630.0,0.0
5050088160,11254.9,0.0
5050088170,83025.1,0.0
5050088210,10273.4,0.0
5050088220,87105.0,0.0
5050088230,9883.2,0.0
5050088240,38921.6,0.0
5050088250,9697.1,0.0
5050088260,31126.7,0.0
5050088270,52169.7,659.6
5050088290,21366.4,0.0
5050088300,32333.8,0.0
5050088320,8423.2,0.0
5050088330,8977.1,0.0
5050088340,12394.0,0.0
5050088350,20918.9,0.0
5050088370,81473.9,0.0
5050088380,92283.7,0.0
5050088400,11758.8,0.0
5050088420,11095.3,0.0
5050088440,13679.8,0.0
5050088450,7601.3,0.0
5050088470,10219.1,0.0
5050088480,13739.4,0.0
5050088580,17375.1,0.0
5050088630,18658.2,0.0
5050088640,6350.6,0.0
5050088670,11891.2,0.0
5050088800,18468.7,0.0
5050088840,5499.9,0.0
5050088850,23867.2,0.0
5050088870,19323.3,0.0
5050088930,8910.7,0.0
5050088950,12982.1,0.0
5050088980,14209.0,0.0
5050089020,10188.7,0.0
5050089050,6520.9,374.8
5050089090,5293.1,0.0
5050089140,4881.1,0.0
5050089320,6983.8,0.0
5050089380,3434.3,0.0
5050089420,5784.3,0.0
5050089470,14119.7,1.0
5050089540,16188.8,0.0
5050089550,10182.4,0.0
5050089690,8800.5,0.0
5050089830,3714.9,0.0
5050090060,5505.2,0.0
5050090170,14652.4,0.0
5050090220,4044.7,0.0
5050090510,8713.8,0.0
5050090540,3141.4,0.0
5050090710,3587.9,0.0
5050091480,3631.6,0.0
5050091710,1534.3,0.0
5050092240,2811.4,0.0
5050092410,6842.4,0.0
5050092880,2419.0,0.0
5050092960,6770.2,0.0
5050097170,3565.1,0.0
6050000010,72363.7,0.0
6050000740,17944.3,0.0
6050068100,17105.5,276.9
6050068110,610.1,277.1
6050070260,61901.9,315.1
6050070270,1690.4,315.3
6050069460,25043.0,398.8
6050069430,22211.6,399.0
6050089660,22559.0,633.0
6050089740,91668.8,633.2
6050000750,53087.0,0.0
6050001940,27553.5,0.0
6050001950,52530.4,0.0
6050003210,17722.0,0.0
6050003220,19353.5,0.0
6050003680,22318.1,0.0
6050003690,32719.1,0.0
6050004060,21624.8,0.0
6050004070,18935.5,0.0
6050004470,15679.2,0.0
6050075390,14241.1,236.2
6050075410,92047.1,236.2
6050079390,15091.1,417.9
6050079310,11058.0,418.1
6050084190,24419.0,549.9
6050084230,47861.3,550.1
6050084040,1480.2,690.8
6050084130,17320.6,691.0
6050084460,48.0,732.9
6050084380,13613.3,733.1
6050084750,3180.5,742.8
6050084790,87129.7,743.0
6050081020,1329.8,923.8
6050080920,19463.5,924.0
6050079970,401.4,941.7
6050079860,49730.4,941.9
6050079280,27441.9,953.2
6050079250,7511.9,953.2
6050102250,8479.9,987.4
6050102330,99834.5,987.6
6050134450,11.5,1275.4
6050134460,2264.6,1275.6
6050134890,363.7,1278.6
6050134790,12532.3,1278.6
6050083060,14044.6,1281.5
6050083130,13619.0,1281.7
6050104180,21147.7,1299.9
6050104230,32711.7,1300.1
6050137270,13041.0,1307.0
6050137380,53814.6,1307.2
6050136480,10747.4,1355.6
6050136450,40859.4,1355.8
6050150590,4054.6,1560.5
6050150580,6205.4,1560.5
6050126730,5201.7,1624.5
6050126850,507.0,1624.7
6050129600,7737.0,1657.3
6050129810,10052.1,1657.3
6050154590,9985.6,1676.2
6050154700,150.3,1676.3
6050156880,17297.4,1691.7
6050156750,9409.5,1691.7
6050143540,26636.9,1749.7
6050143380,9221.6,1749.9
6050130600,14630.1,1757.3
6050130490,8799.7,1757.3
6050160900,24345.7,2441.0
6050160730,11638.3,2441.0
6050004480,38300.7,0.0
6050004870,1.1,0.0
6050099060,4022.7,0.7
6050099010,85209.0,0.7
6050113570,6842.0,152.7
6050113660,2829.4,152.8
6050121460,2829.2,224.2
6050121450,6762.2,224.4
6050134950,22678.7,357.9
6050134940,23684.5,358.1
6050004880,30805.5,0.0
6050005180,64285.5,0.0
6050005190,70315.5,0.0
6050005490,66409.3,0.0
6050005500,96410.4,0.0
6050006470,42497.1,0.0
6050006480,742.5,0.0
6050006540,37353.9,0.0
6050007000,6440.6,0.0
6050239720,142.6,131.7
6050239820,67377.7,131.9
6050238750,2387.9,151.2
6050238630,59470.7,151.2
6050241280,37364.2,237.7
6050241250,39822.3,237.9
6050261280,2613.5,466.8
6050261380,31253.4,467.0
6050263530,176.4,530.9
6050263540,28404.3,530.9
6050262220,42675.3,546.6
6050262110,6049.0,546.8
6050298170,142352.3,662.5
6050298270,48321.9,662.7
6050250260,4717.5,686.0
6050250180,156958.6,686.2
6050266340,4009.4,854.2
6050266470,133363.2,854.4
6050325720,59323.4,942.8
6050325820,58770.3,942.9
6050262360,68223.1,984.2
6050262490,730.3,984.4
6050272340,12881.4,1048.8
6050272470,3618.4,1049.0
6050384210,43970.0,1076.2
6050384320,79227.1,1076.4
6050285930,6217.2,1159.5
6050285990,55327.0,1159.7
6050280410,22133.1,1319.4
6050280400,51968.8,1319.6
6050405310,191776.6,1407.0
6050405320,34417.8,1407.1
6050337190,78025.0,1497.8
6050337320,147160.2,1498.0
6050294270,86295.0,1526.5
6050294360,378743.9,1526.5
6050247260,28476.9,1583.9
6050247270,39823.5,1583.9
6050237360,35819.0,1664.9
6050237120,190789.9,1665.1
6050457830,16091.5,1695.5
6050457840,19466.2,1695.7
6050506430,28584.5,1792.7
6050506420,28125.5,1792.8
6050224360,136301.8,1832.1
6050224470,39769.3,1832.1
6050532340,30434.9,1933.8
6050483010,52499.9,1934.0
6050532350,44898.6,1934.0
6050483020,19512.0,1934.1
6050287830,270156.3,1937.8
6050287820,36309.2,1938.0
6050425550,75038.6,2069.9
6050425540,93459.2,2070.1
6050266740,514725.6,2156.8
6050266880,189721.5,2156.8
6050207670,127417.4,2407.8
6050207660,64371.9,2408.0
6050491730,47420.7,2612.0
6050491720,282425.1,2612.2
6050532210,354282.6,2867.9
6050532200,235711.3,2868.1
6050315920,353711.5,3493.5
6050315910,364869.2,3493.7
6050007010,374.0,0.0
6050007050,7585.9,0.0
6050007060,744.6,0.0
6050007090,5465.7,0.0
6050007100,6618.9,0.0
6050007240,6395.2,0.0
6050007250,17624.3,0.0
6050007650,52965.8,0.0
6050007660,11060.2,0.0
6050007950,31374.6,0.0
6050344540,5162.3,409.6
6050344660,41529.3,409.8
6050345180,36174.0,471.9
6050345000,32991.5,471.9
6050411440,13504.4,886.8
6050411450,14809.8,887.0
6050408150,21765.2,932.2
6050408040,16564.0,932.2
6050443080,6609.5,1040.9
6050442950,6037.8,1040.9
6050449500,2358.1,1081.4
6050449170,6214.9,1081.4
6050458930,12152.0,1130.7
6050459050,6696.7,1130.9
6050451380,66112.9,1153.7
6050451390,45771.7,1153.9
6050476790,32437.7,1210.0
6050476800,52758.7,1210.0
6050527670,61613.7,1462.4
6050527680,2936.4,1462.6
6050550960,2889.8,1591.3
6050551090,11804.2,1591.5
6050546240,30127.8,1644.9
6050546360,60333.9,1644.9
6050565980,23196.2,1703.3
6050565970,43754.0,1703.5
6050594780,18969.0,2034.5
6050594790,15699.3,2034.5
6050622980,1072.0,2107.1
6050622990,12177.4,2107.1
6050624770,13484.6,2157.8
6050624870,23383.4,2157.8
6050007960,82901.6,0.0
6050008320,18906.2,0.0
6050008620,34830.8,0.0
6050008630,36049.4,0.0
6050009220,40533.4,0.0
6050009230,11.4,0.0
6050009250,55843.1,0.0
6050009260,3088.6,0.0
6050009430,52991.6,0.0
6050009440,30706.1,0.0
6050009760,42461.4,0.0
6050334790,10352.8,388.2
6050334800,52199.3,388.4
6050372330,14762.2,573.6
6050372340,75429.0,573.8
6050389870,48641.3,697.8
6050389860,11510.5,698.0
6050401900,51975.8,875.1
6050401890,25645.9,875.3
6050009770,12633.0,0.0
6050010100,14578.5,0.0
6050010110,32471.0,0.0
6050010510,73490.9,0.0
6050010520,18573.5,0.0
6050010670,41203.5,0.0
6050010680,30866.0,0.0
6050011240,19753.8,0.0
6050011250,43552.8,0.0
6050011780,46326.6,0.0
6050450420,16914.1,410.9
6050450410,17368.5,411.1
6050441200,13822.6,539.7
6050441330,25776.6,539.9
6050466270,14495.8,746.5
6050466150,21585.6,746.7
6050481680,17659.9,966.5
6050481670,37975.3,966.7
6050510750,77450.9,1153.8
6050510890,41315.6,1154.0
6050562020,37079.6,1428.5
6050562010,34406.2,1428.5
6050595200,52028.0,1618.1
6050595210,30808.9,1618.1
6050639920,7221.4,1928.6
6050639910,45168.1,1928.7
6050649360,8690.8,2004.3
6050649500,508.2,2004.3
6050652910,27927.6,2027.7
6050653020,5412.5,2027.9
6050670380,5856.1,2159.8
6050670510,8325.8,2159.9
6050684130,13683.0,2280.4
6050684180,29394.9,2280.4
6050011790,5872.5,0.0
6050011890,16213.7,0.0
6050011900,9604.3,0.0
6050012020,36065.2,0.0
6050012030,16991.4,0.0
6050012280,54758.3,0.0
6050012290,3669.1,0.0
6050012370,7042.2,0.0
6050012380,7427.0,0.0
6050012580,55394.0,0.0
6050012590,41325.6,0.0
6050012790,70980.9,0.0
6050012800,66863.6,0.0
6050013420,82935.9,0.0
6050013430,21133.6,0.0
6050013750,57233.3,0.0
6050013760,22525.3,0.0
6050014330,94497.1,0.0
6050015560,71807.3,0.0
6050015570,24361.6,0.0
6050015940,56212.3,0.0
6050015950,39407.1,0.0
6050016720,71073.9,0.0
6050016730,495.6,0.0
6050016760,46433.4,0.0
6050852400,5.0,363.0
6050852410,14641.1,363.2
6050852210,6649.4,365.2
6050852180,12473.7,365.4
6050842120,110464.0,497.8
6050842130,47203.5,497.9
6050818720,14884.0,1607.4
6050818840,13379.1,1607.4
6050016770,12638.9,0.0
6050016970,1407.9,0.0
6050893010,21657.1,75.1
6050892920,1800.1,75.3
6050887830,431.7,160.0
6050887840,21794.3,160.0
6050887140,13024.5,185.7
6050887050,9334.7,185.8
6050879900,2650.4,364.6
6050879890,76390.7,364.8
6050870380,25197.8,471.0
6050870370,217.1,471.2
6050869680,15259.7,488.2
6050869670,26612.6,488.4
6050849780,11412.4,717.6
6050849790,26872.7,717.7
6050846530,70446.3,778.0
6050846520,15716.6,778.1
6050837900,17440.7,852.8
6050837910,36858.2,853.0
6050816640,40.6,1064.3
6050816630,21120.8,1064.3
6050816240,208.2,1069.7
6050816160,21657.0,1069.7
6050814820,5156.7,1090.7
6050814830,50030.4,1090.9
6050830430,21223.6,1095.5
6050830420,3072.6,1095.7
6050808660,107168.0,1181.9
6050808670,121712.6,1182.1
6050819650,56623.1,1231.5
6050819640,16672.5,1231.7
6050790150,114707.3,1464.2
6050790160,264041.2,1464.4
6050793610,28898.8,1748.1
6050793620,67535.5,1748.3
6050774200,26049.0,1947.8
6050774150,23471.2,1948.0
6050762760,2084.6,2068.4
6050762870,36699.0,2068.4
6050759380,2650.0,2097.1
6050759370,37869.9,2097.3
6050752460,10822.3,2176.6
6050752470,24160.0,2176.8
6050710030,211620.1,2318.8
6050710170,78297.2,2318.9
6050738860,33608.6,2324.7
6050738870,15781.2,2324.9
6050728580,14642.8,2413.6
6050728570,22470.9,2413.8
6050755160,1731.3,2444.1
6050755240,24892.7,2444.3
6050721300,25219.2,2471.0
6050721310,644.7,2471.1
6050718170,12306.3,2491.9
6050718180,72166.9,2492.1
6050757580,9645.5,2516.0
6050757590,3664.6,2516.1
6050709810,60319.7,2576.2
6050709820,8325.4,2576.4
6050757070,9033.7,2591.0
6050757160,886.4,2591.2
6050760520,19215.4,2642.2
6050760600,8511.4,2642.2
6050705380,12213.9,2727.9
6050705490,9913.9,2727.9
6050667100,109239.9,2786.1
6050667090,125982.0,2786.1
6050681620,152.9,2819.5
6050681720,14430.4,2819.7
6050680410,19715.5,2828.3
6050680380,34881.1,2828.3
6050709700,2565.8,2974.3
6050709930,35672.9,2974.3
6050708750,16487.1,2995.6
6050708820,6670.3,2995.6
6050674150,34071.0,3010.7
6050674210,680.9,3010.9
6050675150,22096.3,3038.5
6050675090,37235.9,3038.7
6050719760,26432.0,3359.1
6050719850,25200.1,3359.3
6050016980,19412.8,0.0
6050017370,1.8,0.0
6050017380,86109.0,0.0
6050017390,1780.4,0.0
6050017530,17421.2,0.0
6050017540,17652.6,0.0
6050017970,10322.1,0.0
6050017980,11733.6,0.0
6050018280,9896.9,0.0
6050018290,43879.3,0.0
6050018850,27381.9,0.0
6050933820,41850.9,357.5
6050933800,58969.4,357.7
6050913910,78538.3,799.8
6050913900,31857.6,800.0
6050877660,55089.2,1325.4
6050877590,7387.9,1325.5
6050862860,37026.0,1502.9
6050862810,27497.9,1503.0
6050018860,9572.6,0.0
6050019090,26576.9,0.0
6050934620,11998.4,709.0
6050934630,38327.7,709.0
6050937230,4280.6,846.4
6050937260,14111.8,846.6
6050942390,688.8,1025.2
6050942410,4531.0,1025.4
6050942470,10010.0,1055.8
6050942450,16192.0,1056.0
6050019100,45420.8,0.0
6050020000,6082.2,0.0
6050954860,41050.1,170.4
6050954870,10779.1,170.6
6050960240,8444.2,469.2
6050960220,9421.4,469.4
6050960610,8731.2,626.1
6050960580,5701.3,626.2
6050958450,8478.5,740.0
6050958420,5020.0,740.1
6050020010,29898.9,0.0
6050020950,30054.3,0.0
6050020960,1078.2,0.0
6050021020,1996.3,0.0
6050021030,3265.4,0.0
6050021060,2145.7,0.0
6050021070,3151.6,0.0
6050021160,1956.1,0.0
6050021170,32.0,0.0
6050021180,31903.4,0.0
6050021190,44.1,0.0
6050021210,28902.3,0.0
6050021220,53134.7,0.0
6050021870,92301.8,0.0
6050023980,14020.2,0.0
6050023990,2987.0,0.0
6050024060,29292.3,0.0
6050024070,39207.8,0.0
6050025130,12294.2,0.0
6050025140,13028.0,0.0
6050025410,13162.2,0.0
6050025420,49783.1,0.0
6050026140,60207.6,0.0
6050026750,24251.9,0.0
6050026760,15445.1,0.0
6050026990,21104.8,0.0
6050027000,11562.6,0.0
6050027220,13785.3,0.0
6050027230,1067.7,0.0
6050027290,15100.0,0.0
6050027300,26557.6,0.0
6050027770,11697.9,0.0
6050027780,20821.6,0.0
6050028110,9789.5,0.0
6050028120,10693.6,0.0
6050028290,18467.3,0.0
6050028300,77887.8,0.0
6050029040,36060.2,0.0
6050029050,40638.6,0.0
6050029280,36532.9,0.0
6050029580,13581.6,0.0
6050029590,448.9,0.0
6050029610,17093.8,0.0
6050029620,2479.0,0.0
6050029720,16063.1,0.0
6050029730,177191.9,0.0
6050032100,17761.9,0.0
6050032110,11236.5,0.0
6050032290,16478.7,0.0
6050032610,32684.5,0.0
6050032620,21050.5,0.0
6050033220,21626.0,0.0
6050033230,22671.2,0.0
6050033560,22420.9,0.0
6050033570,22325.0,0.0
6050034060,15397.6,0.0
6050034070,35190.6,0.0
6050034810,11222.6,0.0
6050035440,42.4,0.0
6050035460,13704.8,0.0
6050035990,74850.8,0.0
6050040020,150.3,0.0
6050040090,2.9,0.0
6050040110,8476.5,0.0
6050040460,155117.6,0.0
6050040470,146228.6,0.0
6050040480,129875.1,0.0
6050040490,61465.2,0.0
6050040500,25505.9,0.0
6050040510,47611.4,0.0
6050040520,21476.2,1091.7
6050040530,35292.5,1.0
6050040540,27715.5,0.0
6050040550,21950.0,0.0
6050040590,19034.3,0.0
6050040600,33013.1,0.0
6050040610,23242.7,0.0
6050040670,9365.7,1.0
6050040680,26545.5,0.0
6050040710,87433.4,0.0
6050040750,18125.8,0.0
6050040760,24029.0,0.0
6050040780,15709.5,0.0
6050040790,7800.9,0.0
6050040810,34229.6,1.0
6050040890,56959.8,0.0
6050040900,27544.1,0.0
6050040910,7489.5,0.0
6050040920,4501.3,0.0
6050041010,3024.2,743.8
6050041070,23585.6,0.0
6050041130,3799.6,0.0
6050041170,4094.7,0.0
6050041200,12058.3,0.0
6050041310,3491.6,0.0
6050042900,3307.0,0.0
7050000010,71428.4,0.0
7050002400,8088.1,0.0
7050002410,10635.7,0.0
7050002700,18283.0,0.0
7050002710,44940.5,0.0
7050004210,10224.5,0.0
7050004220,10498.9,0.0
7050004660,18345.7,0.0
7050004670,34693.9,0.0
7050005410,3666.6,0.0
7050847740,18349.5,108.7
7050847750,13368.6,108.8
7050849630,19381.0,279.5
7050849640,13436.7,279.5
7050854440,13016.9,528.1
7050854410,9584.3,528.1
7050851700,11146.7,650.1
7050851630,10142.8,650.2
7050005420,61109.5,0.0
7050006390,2394.4,0.0
7050823010,4045.8,128.0
7050822930,17752.1,128.0
7050826790,15009.5,264.9
7050826810,13776.6,265.0
7050829810,22988.8,419.5
7050829830,28888.0,419.5
7050831470,12135.0,799.6
7050831510,17081.7,799.6
7050006400,21.8,0.0
7050006420,26856.5,0.0
7050006430,35992.4,0.0
7050006910,10068.4,0.0
7050006920,1883.4,0.0
7050007000,16459.2,0.0
7050007010,7714.6,0.0
7050007210,12914.7,0.0
7050007220,4255.9,0.0
7050007380,34844.5,0.0
7050007390,25272.6,0.0
7050007830,77326.4,0.0
7050007840,15251.2,0.0
7050008110,25299.3,0.0
7050008130,52.4,0.0
7050008150,8236.7,0.0
7050008160,8216.3,0.0
7050008340,25987.4,0.0
7050008350,5081.1,0.0
7050008450,12551.5,0.0
7050008460,14242.3,0.0
7050008710,5056.9,0.0
7050707810,38253.7,184.0
7050707710,15231.4,184.2
7050675400,20330.2,439.5
7050675410,13947.8,439.6
7050694150,35504.8,495.6
7050694250,298.8,495.8
7050696820,8480.9,514.5
7050696970,21139.8,514.7
7050702370,16920.5,682.3
7050702450,11517.2,682.5
7050633600,11764.9,724.9
7050633430,35826.0,725.1
7050702590,10383.5,880.0
7050702460,7321.2,880.2
7050629520,275.5,987.0
7050629700,7715.5,987.0
7050627570,2211.0,1007.0
7050627380,6100.2,1007.2
7050632220,69703.6,1140.0
7050632150,14353.6,1140.1
7050608130,64724.6,1334.3
7050607990,23992.7,1334.5
7050585120,67936.1,1542.6
7050585110,23487.1,1542.7
7050539540,12927.3,1885.5
7050539340,1.4,1885.7
7050538950,9912.7,1887.0
7050538960,4243.0,1887.2
7050526960,8291.2,2033.7
7050527230,21303.2,2033.7
7050508350,25897.9,2214.0
7050508340,9540.1,2214.2
7050008720,86509.4,0.0
7050011220,4510.7,0.0
7050011230,41059.0,0.0
7050012270,4432.6,0.0
7050012280,9201.7,0.0
7050012590,6501.2,0.0
7050012600,15522.5,0.0
7050012950,4726.5,0.0
7050012960,3685.3,0.0
7050013170,11094.9,0.0
7050013180,11373.5,0.0
7050013550,103.8,0.0
7050587960,3838.4,9.9
7050588070,53384.2,10.1
7050574760,5980.6,109.3
7050574630,4500.8,109.5
7050570620,124.6,142.5
7050570240,16175.8,142.5
7050569580,36771.5,160.0
7050569840,3951.4,160.0
7050013560,13957.8,0.0
7050014040,9366.0,0.0
7050014050,3013.8,0.0
7050014200,40894.6,0.0
7050014210,2149.2,0.0
7050014250,45033.5,0.0
7050014930,12236.9,0.0
7050394690,11295.1,110.2
7050394680,28949.1,110.3
7050395190,40842.7,285.3
7050395340,27728.4,285.4
7050379430,50477.3,489.9
7050379310,50865.5,490.0
7050388580,36185.5,793.3
7050388740,27449.5,793.5
7050329370,21385.8,835.0
7050329490,7389.9,835.2
7050334780,18231.0,1010.7
7050334790,17353.6,1010.9
7050438790,369.6,1079.3
7050438780,12166.0,1079.4
7050444390,10328.6,1116.1
7050444490,3.9,1116.3
7050445160,6058.4,1118.7
7050445150,28402.9,1118.9
7050305410,67055.6,1181.3
7050305280,986.9,1181.5
7050298300,50040.6,1227.0
7050298200,36707.5,1227.1
7050466690,8808.6,1286.3
7050466540,81290.8,1286.5
7050014940,52968.8,0.0
7050016260,19706.6,0.0
7050274850,16015.7,255.7
7050274860,55417.1,255.9
7050234050,25575.6,471.1
7050234040,19707.6,471.2
7050192750,2695.0,695.8
7050192890,12276.2,696.0
7050177910,32492.4,789.5
7050177760,46942.5,789.8
7050016270,19022.7,0.0
7050016850,5747.0,0.0
7050016860,5767.7,0.0
7050017140,5839.7,0.0
7050017150,19689.5,0.0
7050017930,5358.0,0.0
7050017940,1072.6,0.0
7050018020,7767.8,0.0
7050018030,34231.5,0.0
7050019010,51785.6,0.0
7050019020,4770.4,0.0
7050019190,19829.4,0.0
7050019200,37005.7,0.0
7050020090,50659.2,0.0
7050020100,76116.4,0.0
7050021430,2721.6,0.0
7050021550,7887.0,0.0
7050021560,2332.3,0.0
7050021620,50244.2,0.0
7050021630,566.7,0.0
7050021690,13992.0,0.0
7050021700,676.1,0.0
7050021740,93783.2,0.0
7050142810,3787.6,1065.1
7050142610,69050.7,1065.1
7050145540,43359.2,1163.3
7050145630,15410.3,1163.5
7050144640,26923.4,1618.8
7050144740,5490.9,1618.9
7050161120,11191.6,1729.8
7050161180,33499.4,1730.0
7050021750,17796.6,0.0
7050022240,19237.9,0.0
7050132960,47.2,295.0
7050132870,20267.9,295.0
7050134100,9954.5,305.7
7050134090,16086.8,305.7
7050159850,25907.1,532.2
7050159950,6891.5,532.4
7050192430,0.9,739.5
7050192440,9206.4,739.5
7050192420,84614.3,739.9
7050192560,10803.9,740.0
7050206680,86417.0,802.3
7050206690,52807.1,802.4
7050250980,12786.3,1024.6
7050250990,139660.1,1024.7
7050284070,5719.4,1186.8
7050284240,121495.8,1186.8
7050194860,23254.7,1457.6
7050194980,37659.0,1457.8
7050289500,60502.4,1495.7
7050289200,86822.2,1495.7
7050217900,10154.1,1701.7
7050217780,1959.0,1701.8
7050208410,13926.5,1784.0
7050208540,29437.6,1784.0
7050184430,27245.3,2007.1
7050184580,8091.5,2007.3
7050256540,50559.8,2161.3
7050256690,17885.8,2161.5
7050282770,28557.8,2466.3
7050282720,24883.9,2466.4
7050202930,7047.0,2555.6
7050203140,13305.1,2555.7
7050022250,249.0,0.0
7050022270,4871.3,0.0
7050129240,31299.8,96.4
7050129300,5320.1,96.6
7050137410,18684.0,180.8
7050137520,1894.2,181.1
7050146980,6736.5,262.9
7050147190,15450.9,262.9
7050163620,5172.8,480.1
7050163780,18120.4,480.3
7050022280,29723.3,0.0
7050022840,204.1,0.0
7050136230,7336.1,13.5
7050136320,3054.1,13.6
7050146310,4354.4,98.7
7050146370,14843.7,98.8
7050151610,20490.5,167.5
7050151690,14539.0,167.7
7050191640,24271.3,511.6
7050191700,12079.4,511.8
7050022850,11066.4,0.0
7050023220,65635.1,0.0
7050023230,31597.7,0.0
7050023960,18593.5,0.0
7050023970,1152.5,0.0
7050024030,49940.9,0.0
7050024040,6747.8,0.0
7050024100,14218.8,0.0
7050024110,3258.0,0.0
7050024290,148.2,0.0
7050220180,4716.2,15.3
7050220300,6502.4,15.3
7050241270,3504.8,183.4
7050241310,3439.5,183.5
7050251370,51110.4,279.9
7050251360,7697.0,280.1
7050237380,22365.3,421.4
7050237270,35243.0,421.6
7050024300,6812.3,0.0
7050024580,13680.6,0.0
7050252580,3908.6,47.5
7050252700,28779.9,47.6
7050262320,2646.1,108.4
7050262150,24693.7,108.4
7050284470,172.4,247.2
7050284520,8928.2,247.3
7050287970,13148.7,265.3
7050287980,11768.9,265.5
7050024590,94.7,0.0
7050024600,44387.2,0.0
7050024830,66053.7,0.0
7050024840,21448.5,0.0
7050024890,41987.4,0.0
7050024900,13085.6,0.0
7050025090,46089.4,0.0
7050025100,16110.6,0.0
7050025560,96572.3,0.0
7050025570,22192.8,0.0
7050025860,41173.0,0.0
7050025870,1875.8,0.0
7050026040,15666.1,0.0
7050026050,14362.6,0.0
7050026200,14368.1,0.0
7050026210,51284.7,0.0
7050026740,28154.1,0.0
7050026750,33118.1,0.0
7050027430,21775.6,0.0
7050028070,40952.3,0.0
7050028080,13355.8,0.0
7050028410,41857.0,0.0
7050028420,11022.4,0.0
7050028670,3984.8,0.0
7050112210,5152.5,82.5
7050112130,40707.5,82.5
7050121880,20621.8,193.9
7050121890,15919.4,194.1
7050143720,3668.8,404.3
7050143810,6527.7,404.5
7050156430,29627.1,560.4
7050156440,9327.5,560.5
7050028680,51743.6,0.0
7050029000,40742.0,0.0
7050029010,14822.7,0.0
7050029460,40554.0,0.0
7050030610,5366.9,0.0
7050030620,927.6,0.0
7050030660,5063.9,0.0
7050030670,7350.3,0.0
7050030870,10711.4,0.0
7050030880,1414.4,0.0
7050030940,9982.8,0.0
7050030950,21745.7,0.0
7050031660,14658.4,0.0
7050031670,3811.8,0.0
7050031710,92710.5,0.0
7050031720,80044.2,0.0
7050032940,19338.1,0.0
7050032950,16319.4,0.0
7050033110,16075.6,0.0
7050033120,51469.8,0.0
7050033480,8169.4,0.0
7050033690,19091.4,0.0
7050033700,18923.5,0.0
7050034000,45630.0,0.0
7050034010,19847.1,0.0
7050034100,18974.5,0.0
7050034110,7678.3,0.0
7050034330,87595.9,0.0
7050034340,7714.3,0.0
7050034520,24732.9,0.0
7050374800,41991.1,133.4
7050374950,56632.1,133.6
7050402320,17079.8,301.9
7050402430,18427.3,301.9
7050398580,780.7,453.8
7050398520,9546.3,453.9
7050400760,8678.2,478.4
7050400540,24134.8,478.6
7050400520,38831.2,546.9
7050400660,8489.4,547.0
7050434140,21128.4,556.8
7050434190,10793.9,557.0
7050439780,13682.0,598.3
7050439770,98654.2,598.5
7050354140,31133.5,941.7
7050354130,8731.9,941.9
7050494360,40761.1,1335.6
7050494540,21556.9,1335.6
7050431350,7539.1,1651.5
7050431340,31268.4,1651.7
7050426310,51896.8,1675.7
7050426320,68517.9,1675.8
7050392650,26693.7,1869.4
7050392520,59218.6,1869.6
7050398060,47903.7,2067.1
7050398190,38264.2,2067.3
7050343690,43.1,2194.0
7050343600,13418.4,2194.1
7050343680,11650.7,2194.3
7050343590,9980.8,2194.5
7050337970,4314.6,2256.6
7050337870,33650.4,2256.8
7050335300,58861.9,2307.6
7050335180,22890.1,2307.8
7050450160,7884.1,2312.1
7050450430,150.1,2312.3
7050453930,24871.0,2327.9
7050453940,16067.2,2328.1
7050481280,9516.5,2451.1
7050481290,12929.3,2451.3
7050034530,30644.4,0.0
7050035360,3126.0,0.0
7050035370,2355.5,0.0
7050035470,11962.9,0.0
7050035480,9678.9,0.0
7050035860,11751.9,0.0
7050035870,56844.0,0.0
7050038320,54911.7,0.0
7050038330,44.3,0.0
7050038340,17513.9,0.0
7050038810,21863.5,0.0
7050038820,3450.3,0.0
7050038980,24591.0,0.0
7050038990,2936.6,0.0
7050039060,4411.1,0.0
7050039070,3682.6,0.0
7050039160,13016.5,0.0
7050039170,15974.9,0.0
7050039620,28999.7,0.0
7050039630,8013.7,0.0
7050039870,34790.3,0.0
7050039880,59618.1,0.0
7050041050,70979.5,0.0
7050041060,9487.0,0.0
7050041400,30316.4,0.0
7050041410,45961.7,0.0
7050042040,5250.0,0.0
7050042240,11996.1,0.0
7050042250,1069.2,0.0
7050042310,24471.8,0.0
7050042320,15636.6,0.0
7050042740,11710.4,0.0
7050042750,6056.5,0.0
7050042940,22840.8,0.0
7050042950,1852.9,0.0
7050043090,40952.6,0.0
7050043100,5872.2,0.0
7050043160,39730.4,0.0
7050043170,20997.3,0.0
7050043500,27172.7,0.0
7050043510,14895.6,0.0
7050043640,37509.5,0.0
7050043650,15018.9,0.0
7050043860,24673.4,0.0
7050043870,74206.5,0.0
7050045480,26559.4,0.0
7050045490,18050.6,0.0
7050045890,50745.6,0.0
7050045900,39528.2,0.0
7050046590,1396.5,0.0
7050739170,52028.2,69.8
7050739180,9625.4,69.9
7050715800,6176.3,376.3
7050715790,4769.0,376.3
7050712470,12170.7,563.4
7050712410,15932.0,563.6
7050676360,5603.0,981.6
7050676410,4827.7,981.8
7050046600,25588.8,0.0
7050046750,42962.1,0.0
7050047060,5478.6,0.0
7050741770,56570.3,510.0
7050741760,430.6,510.0
7050736840,40794.7,564.8
7050736850,62850.8,564.8
7050686540,298.1,967.4
7050686450,35839.5,967.6
7050682360,71743.2,1000.2
7050682120,1275.6,1000.4
7050689810,22080.2,1078.8
7050689550,10816.0,1078.8
7050668390,20875.2,1122.9
7050668250,6359.8,1123.1
7050647770,798.4,1290.0
7050647780,6718.9,1290.0
7050639390,11815.0,1362.7
7050639300,5689.3,1362.7
7050683890,40523.6,1530.0
7050683900,20547.6,1530.2
7050649910,6321.4,1561.0
7050649900,123354.3,1561.1
7050612840,42808.5,1585.8
7050612640,3307.2,1586.0
7050642090,32423.2,1627.5
7050642080,16.5,1627.7
7050641910,3451.5,1629.0
7050641790,21369.0,1629.2
7050610760,107.6,1670.1
7050610850,105801.2,1670.2
7050609780,46413.7,1685.5
7050609610,8279.8,1685.5
7050632870,44636.3,1763.1
7050632730,147376.2,1763.1
7050594340,142912.5,1807.5
7050594240,85177.5,1807.6
7050569640,103449.2,1913.0
7050569650,1629.2,1913.1
7050566040,73122.3,1953.1
7050566090,25088.2,1953.3
7050674750,28204.3,1956.5
7050674630,13273.8,1956.7
7050531330,17708.3,2187.9
7050531210,37699.9,2188.0
7050511950,163325.2,2310.6
7050512060,32556.0,2310.8
7050562140,155038.3,2516.6
7050562040,35163.6,2516.8
7050569090,31572.3,2761.0
7050568950,104480.6,2761.2
7050514640,232149.1,2887.2
7050514490,207163.8,2887.3
7050415850,51414.0,2985.8
7050415980,43809.2,2986.0
7050419360,65211.1,3732.6
7050419260,135366.1,3732.6
7050332670,242288.1,4499.4
7050332680,181150.4,4499.5
7050047070,46688.7,0.0
7050047840,45.8,0.0
7050047850,54155.9,0.0
7050047860,1815.0,0.0
7050047970,46106.8,0.0
7050047980,14703.7,0.0
7050048300,6282.3,0.0
7050752460,5735.5,330.0
7050752470,5688.2,330.0
7050744170,19731.8,449.3
7050744090,22554.0,449.3
7050701750,14909.8,1098.1
7050701650,6520.2,1098.3
7050696340,13651.9,1323.6
7050696350,15654.3,1323.8
7050048310,4302.4,0.0
7050048410,15664.4,0.0
7050747570,11597.5,569.1
7050747500,2063.9,569.1
7050737080,8100.6,680.9
7050736950,10810.1,681.1
7050730500,17432.1,872.2
7050730390,6618.9,872.3
7050718850,26404.9,1044.9
7050718740,12076.6,1044.9
7050048420,2561.2,0.0
7050048480,5867.9,0.0
7050048490,2628.5,0.0
7050048620,26592.1,0.0
7050048630,7217.2,0.0
7050048860,43568.1,0.0
7050048870,14445.4,0.0
7050049120,5462.4,0.0
7050049130,7153.0,0.0
7050049270,6913.5,0.0
7050794420,8390.4,266.2
7050794460,33045.1,266.4
7050790420,46023.4,363.2
7050790520,62759.0,363.2
7050761710,115566.4,858.1
7050761700,59003.8,858.3
7050762950,114758.4,1354.0
7050763030,73449.6,1354.2
7050049280,61535.0,0.0
7050049990,1221.8,0.0
7050820700,5707.6,15.8
7050820630,17391.6,16.0
7050822270,43910.9,171.9
7050822250,2106.4,172.1
7050822970,4093.1,263.5
7050823030,2851.0,263.6
7050824100,11727.3,329.3
7050824090,18079.1,329.3
7050050000,42722.2,0.0
7050050640,39661.7,0.0
7050050650,33731.1,0.0
7050050920,652.2,0.0
7050849610,5700.5,20.9
7050849600,54693.2,21.1
7050855510,13942.3,297.0
7050855570,7206.7,297.0
7050863270,19629.7,571.6
7050863310,219.9,571.8
7050864030,12070.0,601.5
7050864080,13273.0,601.7
7050050930,207876.3,0.0
7050053320,21881.7,0.0
7050053330,27451.7,0.0
7050053840,23512.3,0.0
7050053850,7918.9,0.0
7050054060,24601.2,0.0
7050054070,24808.1,0.0
7050054300,18445.3,0.0
7050054310,26329.1,0.0
7050054660,41519.8,0.0
7050054670,30236.5,0.0
7050055520,1309.7,0.0
7050055620,33.0,0.0
7050055630,210.5,0.0
7050055710,279.4,0.0
7050055730,1044.6,0.0
7050055790,35526.0,0.0
7050057510,10867.5,0.0
7050059430,3097.5,0.0
7050059690,684.9,0.0
7050059780,4374.8,0.0
7050059960,925.3,0.0
7050059990,8434.4,0.0
7050060310,7706.7,0.0
7050060320,27022.7,0.0
7050061510,11258.1,0.0
7050061520,2751.0,0.0
7050061620,5194.2,0.0
7050061630,36885.5,0.0
7050063050,2833.5,0.0
7050063060,12236.6,0.0
7050063860,17642.7,0.0
7050064730,4014.7,0.0
7050064970,6.7,0.0
7050065050,71.1,0.0
7050065090,11265.7,0.0
7050065760,235.6,0.0
7050065770,99.2,0.0
7050065780,111898.3,0.0
7050069670,2859.2,0.0
7050069860,17051.2,0.0
7050070790,76320.7,0.0
7050072800,13805.0,0.0
7050073620,92769.0,0.0
7050073630,82877.0,0.0
7050073640,46416.6,1.0
7050073650,36202.4,0.0
7050073660,33345.1,1.0
7050073670,33595.7,1.0
7050073680,31463.6,1.0
7050073690,89819.0,0.0
7050073700,46129.0,1.0
7050073710,26767.9,1.0
7050073720,54552.8,0.0
7050073730,20474.6,1.0
7050073740,16791.2,794.5
7050073750,41494.5,1.0
7050073760,24492.2,1914.0
7050073770,16306.5,1.0
7050073780,45135.0,0.0
7050073790,14202.7,1.0
7050073810,51881.4,1.0
7050073830,60897.4,0.0
7050073860,9373.0,741.0
7050073870,30048.0,0.0
7050073880,18836.5,1458.6
7050073970,19533.7,1.0
7050074030,6075.1,185.0
7050074080,21476.0,0.0
7050074100,10954.9,1.0
7050074110,5386.6,0.0
7050074210,7184.5,1.0
7050074230,5957.8,1.0
7050074270,3674.4,185.2
7050074360,4055.0,1.0
7050074380,5606.1,1.0
7050074500,6588.8,1.0
7050074540,15111.7,1.0
7050074560,2539.9,1.0
7050074600,4890.8,1.0
7050074660,4250.4,1.0
7050074870,1896.7,0.0
7050075110,4500.6,1.0
7050075130,7914.1,1.0
8050000010,55235.1,0.0
8050000810,65704.6,0.0
8050000820,52803.2,0.0
8050002260,50346.1,0.0
8050002270,4229.7,0.0
8050002400,4375.1,0.0
8050002410,55808.0,0.0
8050004280,4480.7,0.0
8050004290,3304.7,0.0
8050004350,9618.9,0.0
8050004360,492.4,0.0
8050004410,24367.2,0.0
8050004420,1330.7,0.0
8050004480,35916.7,0.0
8050004490,23476.0,0.0
8050004910,47677.7,0.0
8050256960,795.4,474.7
8050257060,15536.4,474.9
8050254470,16512.6,503.8
8050254340,12729.4,504.0
8050225700,79.3,707.2
8050225860,7776.5,707.4
8050224230,8056.8,721.6
8050224140,13915.4,721.9
8050004920,37621.8,0.0
8050005510,85256.7,0.0
8050183880,42606.6,796.9
8050183760,80725.1,797.2
8050176200,10690.8,1137.4
8050176060,77621.5,1137.7
8050186110,1817.8,1295.8
8050186150,17902.2,1295.9
8050182480,1192.7,1346.7
8050182380,8351.7,1347.0
8050190880,50071.2,1393.0
8050191000,10554.7,1393.1
8050141350,91658.5,1613.4
8050141480,92571.4,1613.6
8050224880,6927.2,1932.6
8050224890,7098.7,1932.6
8050219290,180.3,2258.1
8050219130,51109.3,2258.2
8050221500,47666.3,2274.6
8050221510,5013.3,2274.8
8050231190,50635.9,2432.9
8050231240,18109.1,2433.1
8050251940,649.1,2656.9
8050251780,15184.7,2657.0
8050259520,32233.1,2708.6
8050259590,26991.5,2708.7
8050005520,96579.1,0.0
8050007020,30059.7,0.0
8050007030,1869.9,0.0
8050007180,32534.9,0.0
8050007190,72869.8,0.0
8050008230,17990.5,0.0
8050008240,6607.4,0.0
8050008380,59613.5,0.0
8050008390,48458.2,0.0
8050008900,40647.5,0.0
8050009560,4146.1,0.0
8050112340,74656.8,197.7
8050112350,5595.5,197.8
8050122010,28503.2,266.3
8050122100,22323.7,266.5
8050148430,17428.9,624.3
8050148510,14740.5,624.5
8050164230,14618.7,711.5
8050164290,16870.0,711.7
8050183170,4441.5,914.3
8050183070,22256.3,914.5
8050194590,269.6,1011.0
8050194580,25093.7,1011.0
8050196780,16212.7,1031.8
8050196880,16052.2,1031.9
8050170630,12056.8,1122.8
8050170460,6283.3,1123.0
8050155650,29372.1,1227.6
8050155550,0.1,1227.8
8050155560,10630.9,1228.0
8050155470,39791.3,1228.2
8050231560,26521.9,1237.6
8050231700,11107.4,1237.7
8050243400,7108.0,1296.9
8050243490,11955.7,1297.1
8050150960,31030.0,1348.0
8050150880,11269.9,1348.2
8050252610,45600.3,1431.2
8050252760,13173.8,1431.4
8050270520,9354.6,1624.6
8050270510,36689.6,1624.7
8050269310,8059.4,1747.7
8050269450,15216.4,1748.0
8050286860,7447.3,1771.3
8050286910,22742.4,1771.5
8050272020,7295.4,1829.5
8050272130,51763.0,1829.6
8050271080,18589.8,1868.9
8050271000,3402.5,1869.1
8050298780,54476.9,1869.8
8050298770,48330.0,1869.9
8050266590,14219.7,1924.2
8050266430,174.5,1924.4
8050264770,16419.7,1935.7
8050264670,132.4,1935.9
8050262400,917.1,1950.3
8050262310,86060.1,1950.5
8050258570,81870.3,1989.7
8050258460,1327.4,1989.9
8050252880,2387.8,2031.8
8050252780,7454.5,2031.9
8050246160,20153.2,2099.9
8050246110,67245.6,2100.1
8050297770,60680.1,2178.0
8050297840,22790.3,2178.0
8050307300,1008.8,2399.6
8050307380,21986.2,2399.7
8050311240,1314.3,2450.0
8050311330,22521.2,2450.2
8050311100,28839.4,2474.4
8050311060,106946.6,2474.6
8050327990,28124.9,2775.0
8050328000,31873.9,2775.1
8050315230,39236.7,2783.6
8050315160,46817.4,2783.8
8050331970,22787.9,3284.5
8050331980,51521.4,3284.7
8050338740,20133.8,3286.9
8050338780,51735.7,3287.2
8050332620,34835.5,3554.0
8050332600,15765.7,3554.2
8050333190,43270.7,3839.7
8050333260,22596.0,3839.9
8050009570,9125.2,0.0
8050009890,8619.0,0.0
8050009900,12597.7,0.0
8050010040,66586.2,0.0
8050010050,5791.7,0.0
8050010200,23774.0,0.0
8050010210,4424.7,0.0
8050010430,14972.4,0.0
8050010440,8553.4,0.0
8050010700,35917.8,0.0
8050011270,30833.0,0.0
8050011280,37213.1,0.0
8050011800,25410.9,0.0
8050011810,38020.8,0.0
8050012600,17693.7,0.0
8050012610,77138.6,0.0
8050013480,136.0,0.0
8050129330,22986.7,2.1
8050129410,14096.6,2.2
8050156310,7818.0,243.0
8050156300,24612.9,243.1
8050159820,3970.8,575.6
8050160010,11103.9,575.8
8050177260,19379.3,765.1
8050177370,14447.3,765.4
8050013490,62283.9,0.0
8050014730,9384.9,0.0
8050014740,1140.8,0.0
8050014810,10192.9,0.0
8050014820,44805.6,0.0
8050016080,6925.6,0.0
8050016090,15798.1,0.0
8050016570,7491.3,0.0
8050016580,9461.0,0.0
8050016860,73934.6,0.0
8050018080,29836.2,0.0
8050018090,1513.7,0.0
8050018120,2110.9,0.0
8050201110,74255.9,35.0
8050201080,28951.2,35.2
8050190480,74157.3,410.5
8050190630,20005.1,410.7
8050226940,18117.2,681.4
8050227070,8004.9,681.6
8050261050,10329.8,928.8
8050261040,8923.8,928.9
8050018140,20990.7,0.0
8050018730,22820.7,0.0
8050018740,32094.3,0.0
8050018970,59710.6,0.0
8050018980,6286.1,0.0
8050019080,13877.7,0.0
8050019790,16615.3,0.0
8050020760,111764.6,0.0
8050022650,5236.9,0.0
8050022890,70164.9,0.0
8050024130,6876.0,0.0
8050024230,15550.3,0.0
8050024240,44057.0,0.0
8050025160,9342.0,0.0
8050025170,12604.6,0.0
8050025650,15779.0,0.0
8050025660,53748.9,0.0
8050026850,13607.0,0.0
8050026860,54317.7,0.0
8050028930,34998.6,0.0
8050030130,24832.9,0.0
8050030970,52944.2,0.0
8050032840,20406.0,0.0
8050033310,5660.2,0.0
8050033320,21401.9,0.0
8050034090,5260.7,0.0
8050034100,1049.4,0.0
8050034170,5004.2,0.0
8050034180,30558.5,0.0
8050035010,5239.8,0.0
8050035020,131053.2,0.0
8050038870,9993.5,0.0
8050039130,11659.3,0.0
8050039140,117062.1,0.0
8050041980,64750.9,0.0
8050041990,4594.4,0.0
8050042220,10909.7,0.0
8050042230,55676.8,0.0
8050042910,17386.1,0.0
8050042920,14708.1,0.0
8050043200,11061.6,0.0
8050043890,9536.3,0.0
8050044560,69055.4,0.0
8050047650,1152.1,0.0
8050047690,1399.5,0.0
8050047730,19989.2,0.0
8050048550,8103.4,0.0
8050048860,12090.4,0.0
8050049370,930.6,0.0
8050049390,5317.3,0.0
8050049610,2274.0,0.0
8050049710,55639.2,0.0
8050051550,42409.7,0.0
8050053140,111943.9,0.0
8050056830,4842.4,0.0
8050056840,1840.4,0.0
8050056990,3297.5,0.0
8050057000,16120.8,0.0
8050057510,8624.0,0.0
8050057520,1218.2,0.0
8050057550,4601.3,0.0
8050057560,51335.5,0.0
9050000010,33149.3,0.0
9050000590,41443.8,0.0
9050040100,9756.5,276.4
9050040250,10820.1,276.6
9050041690,24828.0,344.3
9050041830,11166.4,344.6
9050039150,38406.3,414.1
9050039120,21647.8,414.3
9050042380,18823.5,550.7
9050042260,33675.6,550.9
9050000600,21762.4,0.0
9050001020,72516.5,0.0
9050001030,24822.5,0.0
9050001780,2691.9,0.0
9050001790,7711.2,0.0
9050002040,6073.9,0.0
9050002050,1380.3,0.0
9050002120,8688.7,0.0
9050002130,11560.2,0.0
9050002400,10329.0,0.0
9050002410,31822.0,0.0
9050003270,49450.5,0.0
9050003280,22040.3,0.0
9050003610,35944.8,0.0
9050003620,39572.2,0.0
9050004410,12513.5,0.0
9050004420,9138.2,0.0
9050004590,28101.8,0.0
9050004600,9269.3,0.0
9050004770,16783.6,0.0
9050004780,15038.4,0.0
9050005230,4729.1,0.0
9050005240,3824.0,0.0
9050005280,45147.3,0.0
9050005760,34861.4,0.0
9050005770,3718.2,0.0
9050005880,20244.8,0.0
9050005890,4366.7,0.0
9050006010,7004.6,0.0
9050006020,17202.1,0.0
9050006240,15627.3,0.0
9050006250,30504.5,0.0
9050007250,4235.9,0.0
9050007260,36659.0,0.0
9050007930,10360.9,0.0
9050007950,28336.2,0.0
9050008450,24936.4,0.0
9050008460,98004.3,0.0
9050009880,38332.9,0.0
9050009890,13764.6,0.0
9050010370,1680.8,0.0
9050010410,243.5,0.0
9050109660,12681.7,41.9
9050109730,7725.0,42.1
9050111590,25915.1,131.9
9050111620,27823.3,132.1
9050103730,2074.6,404.0
9050103700,14558.6,404.2
9050103260,10030.1,437.4
9050103220,25435.1,437.7
9050010430,7071.9,0.0
9050010550,2835.1,0.0
9050100080,6.4,16.4
9050100020,6986.6,16.6
9050100090,36711.7,23.9
9050100030,6244.1,24.1
9050094910,59361.4,86.6
9050094850,6323.6,86.9
9050089660,6450.0,551.6
9050089740,4622.4,551.8
9050010560,2348.1,0.0
9050010670,2493.2,0.0
9050010680,12835.6,0.0
9050011090,6277.3,0.0
9050011100,4302.0,0.0
9050011220,57854.7,0.0
9050011230,8141.5,0.0
9050011510,2188.8,0.0
9050011530,6903.8,0.0
9050011740,59248.0,0.0
9050011750,10090.1,0.0
9050012040,92346.5,0.0
9050012050,54857.8,0.0
9050013780,25973.6,0.0
9050014800,61828.3,0.0
9050014810,21367.8,0.0
9050015210,31742.3,0.0
9050015220,75948.0,0.0
9050016100,20551.6,0.0
9050016110,89422.6,0.0
9050017460,76520.2,0.0
9050017470,19205.7,0.0
9050017740,7610.6,0.0
9050018060,8668.4,0.0
9050018370,425.0,0.0
